id,type,channel,content,sender,timestamp,is_scam,scam_type,urgency_score,threat_score,caller_id,duration,voice_quality,background_noise,speech_rate,pitch_variation,is_deepfake,video_quality,lighting_consistency,blink_rate,lip_sync_score,face_consistency
scam_1,text,sms,"This is Income Tax Department calling. We have received a complaint against you for tax evasion. You need to pay ₹50,000 immediately to avoid digital arrest. Do not disconnect this call.",noreply@secure-bank-verification.com,2025-09-12 09:08:20.459968,True,digital_arrest,0.8632207536504163,0.7667161196271834,,,,,,,,,,,,
scam_2,text,email,"Your bank account has been compromised. To secure your account, please share your OTP 456789 and verify your identity immediately.",noreply@gov-india-security.net,2025-09-13 07:08:20.459988,True,banking_fraud,0.846802039395071,0.8238068171795087,,,,,,,,,,,,
scam_3,text,email,"This is Amit Singh from GST Department. Your PAN card has been suspended due to suspicious activities. Pay ₹50,000 to reactivate it within 24 hours.",noreply@secure-bank-verification.com,2025-09-12 17:08:20.459997,True,government_official,0.8603458766159395,0.7246712100898269,,,,,,,,,,,,
scam_4,text,sms,"This is Sunita Patel from PAN Card Office. Your PAN card has been suspended due to suspicious activities. Pay ₹50,000 to reactivate it within 24 hours.",noreply@secure-bank-verification.com,2025-09-13 06:08:20.460003,True,government_official,0.7483716472072566,0.9030353118203067,,,,,,,,,,,,
scam_5,text,sms,"This is Cyber Crime Unit calling. We have received a complaint against you for tax evasion. You need to pay ₹2,50,000 immediately to avoid digital arrest. Do not disconnect this call.",noreply@secure-bank-verification.com,2025-09-13 01:08:20.460008,True,digital_arrest,0.8587816752891271,0.8480268901698914,,,,,,,,,,,,
scam_6,text,sms,"This is Banking Security calling. We have received a complaint against you for identity theft. You need to pay ₹5,00,000 immediately to avoid digital arrest. Do not disconnect this call.",+91-6543210987,2025-09-12 15:08:20.460013,True,digital_arrest,0.9899559755371901,0.8409434765272308,,,,,,,,,,,,
scam_7,text,sms,"This is Sunita Patel from PAN Card Office. Your PAN card has been suspended due to suspicious activities. Pay ₹50,000 to reactivate it within 24 hours.",+91-3210987654,2025-09-12 12:08:20.460017,True,government_official,0.7743491256737154,0.6084782559516244,,,,,,,,,,,,
scam_8,text,whatsapp,"Your bank account has been compromised. To secure your account, please share your OTP 987654 and verify your identity immediately.",+91-2109876543,2025-09-12 11:08:20.460021,True,banking_fraud,0.9372552618943435,0.8320581509130286,,,,,,,,,,,,
scam_9,text,email,"Your bank account has been compromised. To secure your account, please share your OTP 123456 and verify your identity immediately.",noreply@tax-department-urgent.org,2025-09-12 12:08:20.460025,True,banking_fraud,0.7310028496705299,0.79649239071229,,,,,,,,,,,,
scam_10,text,email,"This is Cyber Crime Unit calling. We have received a complaint against you for tax evasion. You need to pay ₹5,00,000 immediately to avoid digital arrest. Do not disconnect this call.",+91-4321098765,2025-09-13 04:08:20.460029,True,digital_arrest,0.9621928221754027,0.8137372454814815,,,,,,,,,,,,
scam_11,text,email,"This is Police Department calling. We have received a complaint against you for tax evasion. You need to pay ₹5,00,000 immediately to avoid digital arrest. Do not disconnect this call.",noreply@police-department-cyber.in,2025-09-13 00:08:20.460032,True,digital_arrest,0.8268584107069029,0.6782436858184847,,,,,,,,,,,,
scam_12,text,email,"Your bank account has been compromised. To secure your account, please share your OTP 789012 and verify your identity immediately.",noreply@police-department-cyber.in,2025-09-13 07:08:20.460035,True,banking_fraud,0.7323016265586465,0.6069665385742332,,,,,,,,,,,,
scam_13,text,email,"Your bank account has been compromised. To secure your account, please share your OTP 987654 and verify your identity immediately.",+91-6543210987,2025-09-12 23:08:20.460038,True,banking_fraud,0.8710094199506645,0.8312689447857259,,,,,,,,,,,,
scam_14,text,sms,"This is Sunita Patel from PAN Card Office. Your PAN card has been suspended due to suspicious activities. Pay ₹25,000 to reactivate it within 24 hours.",+91-6543210987,2025-09-12 22:08:20.460042,True,government_official,0.7389529423628084,0.9467553111044434,,,,,,,,,,,,
scam_15,text,whatsapp,"Your bank account has been compromised. To secure your account, please share your OTP 789012 and verify your identity immediately.",+91-6543210987,2025-09-12 16:08:20.460045,True,banking_fraud,0.8045562287911303,0.6537128778337249,,,,,,,,,,,,
scam_16,text,whatsapp,"This is Rajesh Kumar from PAN Card Office. Your PAN card has been suspended due to suspicious activities. Pay ₹50,000 to reactivate it within 24 hours.",noreply@police-department-cyber.in,2025-09-12 13:08:20.460049,True,government_official,0.9411125187183674,0.8912034468091347,,,,,,,,,,,,
scam_17,text,whatsapp,"This is Amit Singh from PAN Card Office. Your PAN card has been suspended due to suspicious activities. Pay ₹25,000 to reactivate it within 24 hours.",+91-9876543210,2025-09-12 09:08:20.460053,True,government_official,0.763927015582531,0.9966792342904086,,,,,,,,,,,,
scam_18,text,sms,"This is Banking Security calling. We have received a complaint against you for fraudulent transactions. You need to pay ₹50,000 immediately to avoid digital arrest. Do not disconnect this call.",+91-7654321098,2025-09-12 19:08:20.460057,True,digital_arrest,0.9580736064400177,0.9798263584225535,,,,,,,,,,,,
scam_19,text,whatsapp,"This is Banking Security calling. We have received a complaint against you for tax evasion. You need to pay ₹2,50,000 immediately to avoid digital arrest. Do not disconnect this call.",+91-7654321098,2025-09-13 06:08:20.460060,True,digital_arrest,0.8423524323045128,0.8881639284584801,,,,,,,,,,,,
scam_20,text,whatsapp,"This is Income Tax Department calling. We have received a complaint against you for identity theft. You need to pay ₹2,50,000 immediately to avoid digital arrest. Do not disconnect this call.",+91-9876543210,2025-09-12 11:08:20.460064,True,digital_arrest,0.8454201314371317,0.8227986076025577,,,,,,,,,,,,
scam_21,text,whatsapp,"This is Banking Security calling. We have received a complaint against you for tax evasion. You need to pay ₹2,50,000 immediately to avoid digital arrest. Do not disconnect this call.",+91-8765432109,2025-09-12 15:08:20.460067,True,digital_arrest,0.9388554486480032,0.6247923387022196,,,,,,,,,,,,
scam_22,text,whatsapp,"This is Banking Security calling. We have received a complaint against you for identity theft. You need to pay ₹5,00,000 immediately to avoid digital arrest. Do not disconnect this call.",noreply@secure-bank-verification.com,2025-09-12 17:08:20.460073,True,digital_arrest,0.70134545032845,0.8075242848986358,,,,,,,,,,,,
scam_23,text,email,"This is Income Tax Department calling. We have received a complaint against you for identity theft. You need to pay ₹2,50,000 immediately to avoid digital arrest. Do not disconnect this call.",+91-4321098765,2025-09-12 20:08:20.460076,True,digital_arrest,0.8719149457929167,0.7738172552927942,,,,,,,,,,,,
scam_24,text,whatsapp,"Your bank account has been compromised. To secure your account, please share your OTP 456789 and verify your identity immediately.",noreply@tax-department-urgent.org,2025-09-13 04:08:20.460079,True,banking_fraud,0.8345426541008911,0.6865794047657696,,,,,,,,,,,,
scam_25,text,whatsapp,"This is Priya Sharma from PAN Card Office. Your PAN card has been suspended due to suspicious activities. Pay ₹50,000 to reactivate it within 24 hours.",+91-6543210987,2025-09-12 23:08:20.460083,True,government_official,0.9072808871134738,0.7681164888807177,,,,,,,,,,,,
scam_26,text,whatsapp,"This is Rajesh Kumar from GST Department. Your PAN card has been suspended due to suspicious activities. Pay ₹75,000 to reactivate it within 24 hours.",+91-3210987654,2025-09-12 16:08:20.460087,True,government_official,0.7271798819481992,0.8560012522497054,,,,,,,,,,,,
scam_27,text,email,"Your bank account has been compromised. To secure your account, please share your OTP 123456 and verify your identity immediately.",noreply@police-department-cyber.in,2025-09-12 15:08:20.460090,True,banking_fraud,0.7513316980668232,0.8189613714108347,,,,,,,,,,,,
scam_28,text,sms,"This is Police Department calling. We have received a complaint against you for tax evasion. You need to pay ₹2,50,000 immediately to avoid digital arrest. Do not disconnect this call.",noreply@tax-department-urgent.org,2025-09-12 10:08:20.460094,True,digital_arrest,0.7827124404004098,0.833038408612945,,,,,,,,,,,,
scam_29,text,email,"This is Sunita Patel from PAN Card Office. Your PAN card has been suspended due to suspicious activities. Pay ₹50,000 to reactivate it within 24 hours.",+91-7654321098,2025-09-13 00:08:20.460098,True,government_official,0.8161582878007572,0.8553677965219506,,,,,,,,,,,,
scam_30,text,whatsapp,"This is Police Department calling. We have received a complaint against you for identity theft. You need to pay ₹2,50,000 immediately to avoid digital arrest. Do not disconnect this call.",+91-3210987654,2025-09-12 14:08:20.460102,True,digital_arrest,0.7704649973956559,0.7172941689444138,,,,,,,,,,,,
scam_31,text,email,"Your bank account has been compromised. To secure your account, please share your OTP 123456 and verify your identity immediately.",+91-3210987654,2025-09-12 12:08:20.460105,True,banking_fraud,0.855960602375917,0.775412865488655,,,,,,,,,,,,
scam_32,text,email,"Your bank account has been compromised. To secure your account, please share your OTP 987654 and verify your identity immediately.",noreply@tax-department-urgent.org,2025-09-12 22:08:20.460108,True,banking_fraud,0.772459854730817,0.9100129020656945,,,,,,,,,,,,
scam_33,text,whatsapp,"Your bank account has been compromised. To secure your account, please share your OTP 123456 and verify your identity immediately.",noreply@gov-india-security.net,2025-09-12 18:08:20.460111,True,banking_fraud,0.804652216866331,0.6714436470233357,,,,,,,,,,,,
scam_34,text,sms,"This is Banking Security calling. We have received a complaint against you for fraudulent transactions. You need to pay ₹5,00,000 immediately to avoid digital arrest. Do not disconnect this call.",noreply@tax-department-urgent.org,2025-09-12 17:08:20.460115,True,digital_arrest,0.7923856083435832,0.9593480081466556,,,,,,,,,,,,
scam_35,text,whatsapp,"Your bank account has been compromised. To secure your account, please share your OTP 123456 and verify your identity immediately.",noreply@secure-bank-verification.com,2025-09-13 00:08:20.460121,True,banking_fraud,0.9285579454351562,0.9326479311228688,,,,,,,,,,,,
scam_36,text,whatsapp,"This is Banking Security calling. We have received a complaint against you for money laundering. You need to pay ₹1,00,000 immediately to avoid digital arrest. Do not disconnect this call.",+91-2109876543,2025-09-13 01:08:20.460124,True,digital_arrest,0.8989402171411898,0.9301195794309386,,,,,,,,,,,,
scam_37,text,sms,"Your bank account has been compromised. To secure your account, please share your OTP 456789 and verify your identity immediately.",+91-6543210987,2025-09-12 23:08:20.460127,True,banking_fraud,0.8207051563136247,0.836351296273034,,,,,,,,,,,,
scam_38,text,sms,"This is Police Department calling. We have received a complaint against you for money laundering. You need to pay ₹50,000 immediately to avoid digital arrest. Do not disconnect this call.",noreply@police-department-cyber.in,2025-09-12 12:08:20.460131,True,digital_arrest,0.7260132601452878,0.6600138978082102,,,,,,,,,,,,
scam_39,text,whatsapp,"This is Rajesh Kumar from Income Tax Department. Your PAN card has been suspended due to suspicious activities. Pay ₹75,000 to reactivate it within 24 hours.",noreply@tax-department-urgent.org,2025-09-12 12:08:20.460135,True,government_official,0.9539873350622876,0.7843111834526206,,,,,,,,,,,,
scam_40,text,sms,"Your bank account has been compromised. To secure your account, please share your OTP 123456 and verify your identity immediately.",+91-4321098765,2025-09-12 18:08:20.460138,True,banking_fraud,0.9090859754769512,0.7292949858011484,,,,,,,,,,,,
scam_41,text,sms,"This is Priya Sharma from GST Department. Your PAN card has been suspended due to suspicious activities. Pay ₹25,000 to reactivate it within 24 hours.",noreply@gov-india-security.net,2025-09-13 03:08:20.460143,True,government_official,0.7289764089853003,0.9542521431954578,,,,,,,,,,,,
scam_42,text,email,"This is Cyber Crime Unit calling. We have received a complaint against you for fraudulent transactions. You need to pay ₹50,000 immediately to avoid digital arrest. Do not disconnect this call.",+91-4321098765,2025-09-12 15:08:20.460148,True,digital_arrest,0.793180527884049,0.8715573905443423,,,,,,,,,,,,
scam_43,text,sms,"This is Priya Sharma from GST Department. Your PAN card has been suspended due to suspicious activities. Pay ₹50,000 to reactivate it within 24 hours.",+91-7654321098,2025-09-12 14:08:20.460153,True,government_official,0.919478589891654,0.7766578307050207,,,,,,,,,,,,
scam_44,text,sms,"This is Police Department calling. We have received a complaint against you for identity theft. You need to pay ₹50,000 immediately to avoid digital arrest. Do not disconnect this call.",noreply@tax-department-urgent.org,2025-09-13 02:08:20.460156,True,digital_arrest,0.8863329772116062,0.6210873691571273,,,,,,,,,,,,
scam_45,text,email,"This is Priya Sharma from GST Department. Your PAN card has been suspended due to suspicious activities. Pay ₹25,000 to reactivate it within 24 hours.",noreply@tax-department-urgent.org,2025-09-12 16:08:20.460160,True,government_official,0.9284927982581183,0.8590088666397284,,,,,,,,,,,,
scam_46,text,sms,"This is Income Tax Department calling. We have received a complaint against you for fraudulent transactions. You need to pay ₹2,50,000 immediately to avoid digital arrest. Do not disconnect this call.",noreply@secure-bank-verification.com,2025-09-13 06:08:20.460163,True,digital_arrest,0.7656893029294216,0.6153801196554983,,,,,,,,,,,,
scam_47,text,email,"This is Banking Security calling. We have received a complaint against you for tax evasion. You need to pay ₹1,00,000 immediately to avoid digital arrest. Do not disconnect this call.",noreply@secure-bank-verification.com,2025-09-13 00:08:20.460167,True,digital_arrest,0.9163038186680806,0.8762291570914642,,,,,,,,,,,,
scam_48,text,whatsapp,"This is Rajesh Kumar from GST Department. Your PAN card has been suspended due to suspicious activities. Pay ₹75,000 to reactivate it within 24 hours.",noreply@gov-india-security.net,2025-09-13 07:08:20.460171,True,government_official,0.8154158886790642,0.8763170070765683,,,,,,,,,,,,
scam_49,text,sms,"This is Amit Singh from GST Department. Your PAN card has been suspended due to suspicious activities. Pay ₹75,000 to reactivate it within 24 hours.",+91-9876543210,2025-09-12 14:08:20.460174,True,government_official,0.801794195992487,0.9438805387752522,,,,,,,,,,,,
scam_50,text,whatsapp,"This is Rajesh Kumar from Income Tax Department. Your PAN card has been suspended due to suspicious activities. Pay ₹50,000 to reactivate it within 24 hours.",+91-8765432109,2025-09-12 13:08:20.460178,True,government_official,0.7820160405136245,0.865788359565596,,,,,,,,,,,,
scam_51,text,sms,"Your bank account has been compromised. To secure your account, please share your OTP 456789 and verify your identity immediately.",+91-8765432109,2025-09-12 08:08:20.460180,True,banking_fraud,0.9672824603820195,0.7594709270063087,,,,,,,,,,,,
scam_52,text,sms,"This is Rajesh Kumar from PAN Card Office. Your PAN card has been suspended due to suspicious activities. Pay ₹25,000 to reactivate it within 24 hours.",+91-9876543210,2025-09-12 23:08:20.460184,True,government_official,0.8914864937719544,0.6817348929759506,,,,,,,,,,,,
scam_53,text,email,"This is Amit Singh from PAN Card Office. Your PAN card has been suspended due to suspicious activities. Pay ₹75,000 to reactivate it within 24 hours.",+91-8765432109,2025-09-13 02:08:20.460187,True,government_official,0.8833611424049428,0.6846222077223855,,,,,,,,,,,,
scam_54,text,email,"This is Rajesh Kumar from Income Tax Department. Your PAN card has been suspended due to suspicious activities. Pay ₹50,000 to reactivate it within 24 hours.",noreply@gov-india-security.net,2025-09-12 09:08:20.460191,True,government_official,0.9527780919321451,0.8832532894877945,,,,,,,,,,,,
scam_55,text,whatsapp,"This is Rajesh Kumar from PAN Card Office. Your PAN card has been suspended due to suspicious activities. Pay ₹50,000 to reactivate it within 24 hours.",noreply@tax-department-urgent.org,2025-09-13 05:08:20.460195,True,government_official,0.9276752661045746,0.7488231357680373,,,,,,,,,,,,
scam_56,text,whatsapp,"This is Sunita Patel from GST Department. Your PAN card has been suspended due to suspicious activities. Pay ₹50,000 to reactivate it within 24 hours.",+91-6543210987,2025-09-12 16:08:20.460198,True,government_official,0.9542235296573307,0.7842788187309897,,,,,,,,,,,,
scam_57,text,sms,"This is Priya Sharma from Income Tax Department. Your PAN card has been suspended due to suspicious activities. Pay ₹50,000 to reactivate it within 24 hours.",noreply@gov-india-security.net,2025-09-13 05:08:20.460202,True,government_official,0.8421066419287908,0.7316762016595943,,,,,,,,,,,,
scam_58,text,email,"Your bank account has been compromised. To secure your account, please share your OTP 123456 and verify your identity immediately.",+91-6543210987,2025-09-12 20:08:20.460204,True,banking_fraud,0.8394386607101347,0.9125400639002793,,,,,,,,,,,,
scam_59,text,whatsapp,"Your bank account has been compromised. To secure your account, please share your OTP 987654 and verify your identity immediately.",noreply@gov-india-security.net,2025-09-12 20:08:20.460207,True,banking_fraud,0.7320187418691889,0.9762500467516588,,,,,,,,,,,,
scam_60,text,whatsapp,"This is Sunita Patel from PAN Card Office. Your PAN card has been suspended due to suspicious activities. Pay ₹25,000 to reactivate it within 24 hours.",noreply@gov-india-security.net,2025-09-12 16:08:20.460211,True,government_official,0.9376818106662006,0.601293564069088,,,,,,,,,,,,
scam_61,text,whatsapp,"This is Police Department calling. We have received a complaint against you for identity theft. You need to pay ₹50,000 immediately to avoid digital arrest. Do not disconnect this call.",noreply@secure-bank-verification.com,2025-09-12 16:08:20.460217,True,digital_arrest,0.8128152952021269,0.6017560057300015,,,,,,,,,,,,
scam_62,text,sms,"This is Cyber Crime Unit calling. We have received a complaint against you for tax evasion. You need to pay ₹1,00,000 immediately to avoid digital arrest. Do not disconnect this call.",noreply@secure-bank-verification.com,2025-09-13 06:08:20.460221,True,digital_arrest,0.9464217726757362,0.6293423192625834,,,,,,,,,,,,
scam_63,text,sms,"This is Banking Security calling. We have received a complaint against you for fraudulent transactions. You need to pay ₹5,00,000 immediately to avoid digital arrest. Do not disconnect this call.",+91-8765432109,2025-09-12 09:08:20.460225,True,digital_arrest,0.9293995069707403,0.9552172562827634,,,,,,,,,,,,
scam_64,text,whatsapp,"This is Banking Security calling. We have received a complaint against you for fraudulent transactions. You need to pay ₹50,000 immediately to avoid digital arrest. Do not disconnect this call.",+91-5432109876,2025-09-12 10:08:20.460229,True,digital_arrest,0.8064491084510579,0.8905496882141828,,,,,,,,,,,,
scam_65,text,whatsapp,"This is Amit Singh from Income Tax Department. Your PAN card has been suspended due to suspicious activities. Pay ₹50,000 to reactivate it within 24 hours.",+91-4321098765,2025-09-12 15:08:20.460233,True,government_official,0.7478853191887592,0.6120939261410202,,,,,,,,,,,,
scam_66,text,sms,"Your bank account has been compromised. To secure your account, please share your OTP 987654 and verify your identity immediately.",+91-2109876543,2025-09-13 02:08:20.460236,True,banking_fraud,0.9502339462739429,0.9374645004035853,,,,,,,,,,,,
scam_67,text,email,"Your bank account has been compromised. To secure your account, please share your OTP 123456 and verify your identity immediately.",+91-7654321098,2025-09-12 08:08:20.460239,True,banking_fraud,0.7509270330113343,0.9344961059513573,,,,,,,,,,,,
scam_68,text,email,"This is Rajesh Kumar from PAN Card Office. Your PAN card has been suspended due to suspicious activities. Pay ₹75,000 to reactivate it within 24 hours.",+91-6543210987,2025-09-12 15:08:20.460244,True,government_official,0.8460863014353933,0.9220012195442046,,,,,,,,,,,,
scam_69,text,whatsapp,"This is Priya Sharma from PAN Card Office. Your PAN card has been suspended due to suspicious activities. Pay ₹25,000 to reactivate it within 24 hours.",noreply@tax-department-urgent.org,2025-09-12 11:08:20.460248,True,government_official,0.7915370400270985,0.8266486335991126,,,,,,,,,,,,
scam_70,text,email,"This is Sunita Patel from GST Department. Your PAN card has been suspended due to suspicious activities. Pay ₹50,000 to reactivate it within 24 hours.",noreply@tax-department-urgent.org,2025-09-12 20:08:20.460251,True,government_official,0.9931241301910894,0.9872197044148057,,,,,,,,,,,,
scam_71,text,email,"This is Rajesh Kumar from GST Department. Your PAN card has been suspended due to suspicious activities. Pay ₹50,000 to reactivate it within 24 hours.",noreply@police-department-cyber.in,2025-09-13 01:08:20.460255,True,government_official,0.8402209599934667,0.9039993270789443,,,,,,,,,,,,
scam_72,text,sms,"This is Sunita Patel from GST Department. Your PAN card has been suspended due to suspicious activities. Pay ₹25,000 to reactivate it within 24 hours.",noreply@police-department-cyber.in,2025-09-12 14:08:20.460264,True,government_official,0.7414522295061072,0.7246731352276421,,,,,,,,,,,,
scam_73,text,email,"Your bank account has been compromised. To secure your account, please share your OTP 456789 and verify your identity immediately.",+91-7654321098,2025-09-12 17:08:20.460266,True,banking_fraud,0.891569670857032,0.7092657532013353,,,,,,,,,,,,
scam_74,text,email,"This is Banking Security calling. We have received a complaint against you for fraudulent transactions. You need to pay ₹50,000 immediately to avoid digital arrest. Do not disconnect this call.",noreply@secure-bank-verification.com,2025-09-13 05:08:20.460270,True,digital_arrest,0.9596399876106758,0.7690703000380938,,,,,,,,,,,,
scam_75,text,sms,"Your bank account has been compromised. To secure your account, please share your OTP 987654 and verify your identity immediately.",+91-4321098765,2025-09-12 19:08:20.460273,True,banking_fraud,0.9289019885273607,0.8408108747479058,,,,,,,,,,,,
scam_76,text,sms,"Your bank account has been compromised. To secure your account, please share your OTP 789012 and verify your identity immediately.",+91-6543210987,2025-09-12 08:08:20.460276,True,banking_fraud,0.9952862906319264,0.6808363212698706,,,,,,,,,,,,
scam_77,text,whatsapp,"This is Amit Singh from PAN Card Office. Your PAN card has been suspended due to suspicious activities. Pay ₹75,000 to reactivate it within 24 hours.",noreply@police-department-cyber.in,2025-09-13 07:08:20.460280,True,government_official,0.8324779503598524,0.888610935989723,,,,,,,,,,,,
scam_78,text,whatsapp,"This is Priya Sharma from PAN Card Office. Your PAN card has been suspended due to suspicious activities. Pay ₹75,000 to reactivate it within 24 hours.",noreply@secure-bank-verification.com,2025-09-12 19:08:20.460284,True,government_official,0.897906854907026,0.8937699028460466,,,,,,,,,,,,
scam_79,text,email,"Your bank account has been compromised. To secure your account, please share your OTP 789012 and verify your identity immediately.",noreply@police-department-cyber.in,2025-09-12 19:08:20.460287,True,banking_fraud,0.7194752777739474,0.8910617325004615,,,,,,,,,,,,
scam_80,text,sms,"This is Sunita Patel from Income Tax Department. Your PAN card has been suspended due to suspicious activities. Pay ₹25,000 to reactivate it within 24 hours.",+91-3210987654,2025-09-12 08:08:20.460291,True,government_official,0.7559335916258981,0.8013239898629987,,,,,,,,,,,,
scam_81,text,sms,"Your bank account has been compromised. To secure your account, please share your OTP 789012 and verify your identity immediately.",noreply@tax-department-urgent.org,2025-09-13 01:08:20.460296,True,banking_fraud,0.8518093113984584,0.7655858727424668,,,,,,,,,,,,
scam_82,text,whatsapp,"Your bank account has been compromised. To secure your account, please share your OTP 789012 and verify your identity immediately.",+91-6543210987,2025-09-12 17:08:20.460299,True,banking_fraud,0.7598787344504807,0.7821859700926752,,,,,,,,,,,,
scam_83,text,whatsapp,"Your bank account has been compromised. To secure your account, please share your OTP 789012 and verify your identity immediately.",+91-4321098765,2025-09-12 09:08:20.460301,True,banking_fraud,0.8599587131981864,0.6084482219869921,,,,,,,,,,,,
scam_84,text,whatsapp,"This is Rajesh Kumar from PAN Card Office. Your PAN card has been suspended due to suspicious activities. Pay ₹75,000 to reactivate it within 24 hours.",+91-7654321098,2025-09-13 03:08:20.460305,True,government_official,0.8736795484398199,0.828009185060069,,,,,,,,,,,,
scam_85,text,whatsapp,"Your bank account has been compromised. To secure your account, please share your OTP 456789 and verify your identity immediately.",noreply@tax-department-urgent.org,2025-09-13 00:08:20.460307,True,banking_fraud,0.9618784866189951,0.8692864042058668,,,,,,,,,,,,
scam_86,text,sms,"This is Rajesh Kumar from GST Department. Your PAN card has been suspended due to suspicious activities. Pay ₹50,000 to reactivate it within 24 hours.",noreply@secure-bank-verification.com,2025-09-12 12:08:20.460311,True,government_official,0.9235419085028413,0.7216235543243563,,,,,,,,,,,,
scam_87,text,sms,"This is Priya Sharma from GST Department. Your PAN card has been suspended due to suspicious activities. Pay ₹25,000 to reactivate it within 24 hours.",+91-5432109876,2025-09-13 07:08:20.460315,True,government_official,0.9770566797133997,0.7047010631939814,,,,,,,,,,,,
scam_88,text,email,"Your bank account has been compromised. To secure your account, please share your OTP 123456 and verify your identity immediately.",noreply@secure-bank-verification.com,2025-09-12 16:08:20.460318,True,banking_fraud,0.9189270248899608,0.6977526269536867,,,,,,,,,,,,
scam_89,text,email,"This is Rajesh Kumar from PAN Card Office. Your PAN card has been suspended due to suspicious activities. Pay ₹75,000 to reactivate it within 24 hours.",+91-5432109876,2025-09-12 12:08:20.460322,True,government_official,0.9216497484749275,0.8139684263283562,,,,,,,,,,,,
scam_90,text,email,"Your bank account has been compromised. To secure your account, please share your OTP 789012 and verify your identity immediately.",noreply@gov-india-security.net,2025-09-12 19:08:20.460324,True,banking_fraud,0.8503656028449332,0.7975964685617057,,,,,,,,,,,,
scam_91,text,whatsapp,"Your bank account has been compromised. To secure your account, please share your OTP 789012 and verify your identity immediately.",+91-9876543210,2025-09-12 16:08:20.460328,True,banking_fraud,0.7891551491065961,0.8265799595515526,,,,,,,,,,,,
scam_92,text,sms,"This is Income Tax Department calling. We have received a complaint against you for identity theft. You need to pay ₹5,00,000 immediately to avoid digital arrest. Do not disconnect this call.",+91-9876543210,2025-09-13 07:08:20.460331,True,digital_arrest,0.8270598169095248,0.7252693437150965,,,,,,,,,,,,
scam_93,text,sms,"This is Amit Singh from Income Tax Department. Your PAN card has been suspended due to suspicious activities. Pay ₹50,000 to reactivate it within 24 hours.",noreply@gov-india-security.net,2025-09-13 06:08:20.460335,True,government_official,0.7160066896274692,0.8361309131681103,,,,,,,,,,,,
scam_94,text,whatsapp,"Your bank account has been compromised. To secure your account, please share your OTP 123456 and verify your identity immediately.",+91-4321098765,2025-09-12 21:08:20.460338,True,banking_fraud,0.9243093397637623,0.9735657881405555,,,,,,,,,,,,
scam_95,text,email,"Your bank account has been compromised. To secure your account, please share your OTP 789012 and verify your identity immediately.",+91-3210987654,2025-09-12 21:08:20.460341,True,banking_fraud,0.9768611176458195,0.9528374779313138,,,,,,,,,,,,
scam_96,text,sms,"Your bank account has been compromised. To secure your account, please share your OTP 123456 and verify your identity immediately.",+91-2109876543,2025-09-13 00:08:20.460351,True,banking_fraud,0.8539026407702859,0.9869021388718479,,,,,,,,,,,,
scam_97,text,email,"This is Rajesh Kumar from Income Tax Department. Your PAN card has been suspended due to suspicious activities. Pay ₹25,000 to reactivate it within 24 hours.",noreply@police-department-cyber.in,2025-09-12 09:08:20.460355,True,government_official,0.8535065334277375,0.7201512054175195,,,,,,,,,,,,
scam_98,text,whatsapp,"This is Banking Security calling. We have received a complaint against you for money laundering. You need to pay ₹5,00,000 immediately to avoid digital arrest. Do not disconnect this call.",noreply@gov-india-security.net,2025-09-13 06:08:20.460359,True,digital_arrest,0.8030850191954351,0.8210533949185997,,,,,,,,,,,,
scam_99,text,sms,"This is Sunita Patel from PAN Card Office. Your PAN card has been suspended due to suspicious activities. Pay ₹75,000 to reactivate it within 24 hours.",noreply@secure-bank-verification.com,2025-09-13 07:08:20.460363,True,government_official,0.8327108379886998,0.8618101988713558,,,,,,,,,,,,
scam_100,text,sms,"Your bank account has been compromised. To secure your account, please share your OTP 456789 and verify your identity immediately.",+91-5432109876,2025-09-12 16:08:20.460368,True,banking_fraud,0.9079676682444775,0.6869283988224985,,,,,,,,,,,,
legit_1,text,whatsapp,Your loan application has been approved. Please visit our branch to complete the formalities.,support@outlook.com,2025-09-12 09:08:20.460373,False,,0.11067409419972628,0.053269758664699074,,,,,,,,,,,,
legit_2,text,whatsapp,Your loan application has been approved. Please visit our branch to complete the formalities.,support@gmail.com,2025-09-13 07:08:20.460377,False,,0.06476609312622783,0.029450580786328208,,,,,,,,,,,,
legit_3,text,whatsapp,Your monthly bank statement is ready. Please check your registered email for details.,support@rediffmail.com,2025-09-12 10:08:20.460380,False,,0.006835028279282762,0.11624727010917627,,,,,,,,,,,,
legit_4,text,email,Your monthly bank statement is ready. Please check your registered email for details.,support@outlook.com,2025-09-13 06:08:20.460383,False,,0.24024613973717865,0.08986774323203456,,,,,,,,,,,,
legit_5,text,whatsapp,Your insurance policy renewal is due. Please contact us at +91-8000000000 for assistance.,support@rediffmail.com,2025-09-13 04:08:20.460387,False,,0.27079818868722083,0.11534574256838957,,,,,,,,,,,,
legit_6,text,whatsapp,Your monthly bank statement is ready. Please check your registered email for details.,+91-2109876543,2025-09-12 23:08:20.460389,False,,0.004297840441133893,0.022547973147334966,,,,,,,,,,,,
legit_7,text,email,Your credit card payment of ₹₹27250 is due on 2025-09-23. Please pay to avoid late fees.,+91-7654321098,2025-09-12 11:08:20.460409,False,,0.21714775883687853,0.0728769966317522,,,,,,,,,,,,
legit_8,text,sms,Your account balance is ₹₹47748. Thank you for banking with us.,+91-9876543210,2025-09-12 08:08:20.460414,False,,0.08871173132118754,0.16812821272851924,,,,,,,,,,,,
legit_9,text,sms,Your credit card payment of ₹₹7683 is due on 2025-10-04. Please pay to avoid late fees.,+91-4321098765,2025-09-12 20:08:20.460422,False,,0.11114647822268248,0.14623558342026616,,,,,,,,,,,,
legit_10,text,whatsapp,Your monthly bank statement is ready. Please check your registered email for details.,+91-9876543210,2025-09-12 18:08:20.460425,False,,0.0814415760777949,0.007068471070416727,,,,,,,,,,,,
legit_11,text,whatsapp,Your credit card payment of ₹₹40130 is due on 2025-09-18. Please pay to avoid late fees.,support@yahoo.com,2025-09-12 08:08:20.460433,False,,0.04966349104355659,0.06047665421160005,,,,,,,,,,,,
legit_12,text,email,Your monthly bank statement is ready. Please check your registered email for details.,support@gmail.com,2025-09-12 22:08:20.460437,False,,0.13271199156770752,0.11329975782510944,,,,,,,,,,,,
legit_13,text,email,Your monthly bank statement is ready. Please check your registered email for details.,+91-5432109876,2025-09-12 15:08:20.460441,False,,0.05746710046359645,0.03982963734813068,,,,,,,,,,,,
legit_14,text,sms,Your loan application has been approved. Please visit our branch to complete the formalities.,+91-9876543210,2025-09-13 07:08:20.460444,False,,0.23003787130318268,0.04138466609338325,,,,,,,,,,,,
legit_15,text,sms,Your insurance policy renewal is due. Please contact us at +91-8000000000 for assistance.,support@yahoo.com,2025-09-12 16:08:20.460447,False,,0.13762979200681072,0.10676055596809085,,,,,,,,,,,,
legit_16,text,sms,Your account balance is ₹₹18739. Thank you for banking with us.,+91-7654321098,2025-09-13 07:08:20.460452,False,,0.00197790472528232,0.049959162225455184,,,,,,,,,,,,
legit_17,text,email,Your credit card payment of ₹₹43618 is due on 2025-10-12. Please pay to avoid late fees.,support@outlook.com,2025-09-12 21:08:20.460458,False,,0.12736257601475726,0.11631328725400328,,,,,,,,,,,,
legit_18,text,whatsapp,Your insurance policy renewal is due. Please contact us at +91-8000000000 for assistance.,support@yahoo.com,2025-09-12 08:08:20.460461,False,,0.19421849332145535,0.03455907775847995,,,,,,,,,,,,
legit_19,text,whatsapp,Your account balance is ₹₹28289. Thank you for banking with us.,+91-7654321098,2025-09-12 23:08:20.460464,False,,0.023779561011908635,0.10446452624947228,,,,,,,,,,,,
legit_20,text,whatsapp,Your monthly bank statement is ready. Please check your registered email for details.,support@hotmail.com,2025-09-13 07:08:20.460468,False,,0.14550833155337656,0.0826219233169935,,,,,,,,,,,,
legit_21,text,email,Your monthly bank statement is ready. Please check your registered email for details.,+91-9876543210,2025-09-12 11:08:20.460470,False,,0.06759331399061907,0.16284161165938002,,,,,,,,,,,,
legit_22,text,sms,Your account balance is ₹₹11361. Thank you for banking with us.,+91-9876543210,2025-09-13 00:08:20.460474,False,,0.2162416467580979,0.15224719299432926,,,,,,,,,,,,
legit_23,text,sms,Your monthly bank statement is ready. Please check your registered email for details.,+91-6543210987,2025-09-12 08:08:20.460477,False,,0.15001652301392987,0.025272005443332635,,,,,,,,,,,,
legit_24,text,sms,Your insurance policy renewal is due. Please contact us at +91-8000000000 for assistance.,support@outlook.com,2025-09-12 21:08:20.460479,False,,0.28860283980182405,0.13076870677496286,,,,,,,,,,,,
legit_25,text,whatsapp,Your account balance is ₹₹49843. Thank you for banking with us.,+91-2109876543,2025-09-13 02:08:20.460484,False,,0.007319905655424674,0.04897649168855607,,,,,,,,,,,,
legit_26,text,whatsapp,Your loan application has been approved. Please visit our branch to complete the formalities.,+91-3210987654,2025-09-12 23:08:20.460486,False,,0.053248707306358764,0.0034062505756511374,,,,,,,,,,,,
legit_27,text,sms,Your insurance policy renewal is due. Please contact us at +91-8000000000 for assistance.,support@rediffmail.com,2025-09-13 05:08:20.460489,False,,0.10242372607485577,0.12650921012509073,,,,,,,,,,,,
legit_28,text,whatsapp,Your insurance policy renewal is due. Please contact us at +91-8000000000 for assistance.,+91-2109876543,2025-09-12 16:08:20.460492,False,,0.2133846339797498,0.11188451543403595,,,,,,,,,,,,
legit_29,text,email,Your credit card payment of ₹₹12961 is due on 2025-10-13. Please pay to avoid late fees.,+91-6543210987,2025-09-12 18:08:20.460498,False,,0.24150168492731372,0.14845321861394922,,,,,,,,,,,,
legit_30,text,whatsapp,Your loan application has been approved. Please visit our branch to complete the formalities.,+91-7654321098,2025-09-12 16:08:20.460501,False,,0.12851627302788513,0.13822788119494975,,,,,,,,,,,,
legit_31,text,whatsapp,Your monthly bank statement is ready. Please check your registered email for details.,support@yahoo.com,2025-09-12 16:08:20.460503,False,,0.22713538517005571,0.024194792729218408,,,,,,,,,,,,
legit_32,text,sms,Your credit card payment of ₹₹7330 is due on 2025-09-17. Please pay to avoid late fees.,support@outlook.com,2025-09-12 21:08:20.460509,False,,0.12968625784292348,0.09063063501576943,,,,,,,,,,,,
legit_33,text,sms,Your monthly bank statement is ready. Please check your registered email for details.,support@rediffmail.com,2025-09-13 01:08:20.460512,False,,0.2678077980807556,0.1807063690515955,,,,,,,,,,,,
legit_34,text,whatsapp,Your loan application has been approved. Please visit our branch to complete the formalities.,+91-4321098765,2025-09-12 17:08:20.460514,False,,0.2640822839978612,0.09614838729224154,,,,,,,,,,,,
legit_35,text,sms,Your loan application has been approved. Please visit our branch to complete the formalities.,support@yahoo.com,2025-09-13 01:08:20.460516,False,,0.11289056760066862,0.029262584676946757,,,,,,,,,,,,
legit_36,text,whatsapp,Your loan application has been approved. Please visit our branch to complete the formalities.,+91-9876543210,2025-09-12 19:08:20.460519,False,,0.2443766265230478,0.17813264272238152,,,,,,,,,,,,
legit_37,text,sms,Your monthly bank statement is ready. Please check your registered email for details.,support@rediffmail.com,2025-09-13 02:08:20.460521,False,,0.13097571016560142,0.01703612561069756,,,,,,,,,,,,
legit_38,text,sms,Your loan application has been approved. Please visit our branch to complete the formalities.,support@yahoo.com,2025-09-13 01:08:20.460523,False,,0.0512068313963025,0.03467649983009304,,,,,,,,,,,,
legit_39,text,email,Your insurance policy renewal is due. Please contact us at +91-8000000000 for assistance.,support@rediffmail.com,2025-09-12 18:08:20.460527,False,,0.16936949827938655,0.17295003017244615,,,,,,,,,,,,
legit_40,text,sms,Your monthly bank statement is ready. Please check your registered email for details.,support@rediffmail.com,2025-09-12 20:08:20.460531,False,,0.2288211533318885,0.08261412045357171,,,,,,,,,,,,
legit_41,text,whatsapp,Your monthly bank statement is ready. Please check your registered email for details.,+91-9876543210,2025-09-13 04:08:20.460533,False,,0.01615991185771688,0.14972799624332986,,,,,,,,,,,,
legit_42,text,email,Your account balance is ₹₹46480. Thank you for banking with us.,+91-8765432109,2025-09-12 22:08:20.460536,False,,0.0891006573347607,0.09314080516553212,,,,,,,,,,,,
legit_43,text,sms,Your monthly bank statement is ready. Please check your registered email for details.,support@outlook.com,2025-09-12 13:08:20.460538,False,,0.18315703518905738,0.10110362473271065,,,,,,,,,,,,
legit_44,text,whatsapp,Your loan application has been approved. Please visit our branch to complete the formalities.,support@hotmail.com,2025-09-12 15:08:20.460541,False,,0.1229038760748444,0.09170843092643817,,,,,,,,,,,,
legit_45,text,email,Your loan application has been approved. Please visit our branch to complete the formalities.,+91-8765432109,2025-09-12 11:08:20.460543,False,,0.14466117051266014,0.09100565111976422,,,,,,,,,,,,
legit_46,text,email,Your monthly bank statement is ready. Please check your registered email for details.,support@hotmail.com,2025-09-12 22:08:20.460545,False,,0.28227580694299714,0.11528340601367221,,,,,,,,,,,,
legit_47,text,whatsapp,Your account balance is ₹₹45752. Thank you for banking with us.,support@rediffmail.com,2025-09-13 04:08:20.460549,False,,0.18591663279252843,0.13943821694354672,,,,,,,,,,,,
legit_48,text,sms,Your credit card payment of ₹₹20585 is due on 2025-10-10. Please pay to avoid late fees.,+91-8765432109,2025-09-13 03:08:20.460554,False,,0.23425083795609647,0.18177981882887928,,,,,,,,,,,,
legit_49,text,whatsapp,Your credit card payment of ₹₹34674 is due on 2025-10-05. Please pay to avoid late fees.,+91-7654321098,2025-09-13 02:08:20.460559,False,,0.2122410086731243,0.18194501060199741,,,,,,,,,,,,
legit_50,text,whatsapp,Your account balance is ₹₹32630. Thank you for banking with us.,support@hotmail.com,2025-09-12 11:08:20.460562,False,,0.15999919140673982,0.13788042377438878,,,,,,,,,,,,
legit_51,text,email,Your insurance policy renewal is due. Please contact us at +91-8000000000 for assistance.,support@hotmail.com,2025-09-12 11:08:20.460565,False,,0.17339409979856876,0.13402750569212113,,,,,,,,,,,,
legit_52,text,email,Your account balance is ₹₹5970. Thank you for banking with us.,support@rediffmail.com,2025-09-12 08:08:20.460568,False,,0.28296262972149727,0.15747213491426873,,,,,,,,,,,,
legit_53,text,email,Your insurance policy renewal is due. Please contact us at +91-8000000000 for assistance.,+91-2109876543,2025-09-12 20:08:20.460571,False,,0.09998481040891512,0.09308260757740705,,,,,,,,,,,,
legit_54,text,sms,Your monthly bank statement is ready. Please check your registered email for details.,support@gmail.com,2025-09-13 02:08:20.460573,False,,0.04479942771828461,0.16560231153065816,,,,,,,,,,,,
legit_55,text,sms,Your account balance is ₹₹35314. Thank you for banking with us.,support@yahoo.com,2025-09-12 20:08:20.460576,False,,0.15836759354699195,0.03421601341580738,,,,,,,,,,,,
legit_56,text,email,Your credit card payment of ₹₹36028 is due on 2025-09-21. Please pay to avoid late fees.,support@rediffmail.com,2025-09-13 04:08:20.460590,False,,0.187472167679173,0.003931315350639841,,,,,,,,,,,,
legit_57,text,sms,Your account balance is ₹₹28460. Thank you for banking with us.,support@hotmail.com,2025-09-13 02:08:20.460594,False,,0.040498214897674245,0.18521353723286788,,,,,,,,,,,,
legit_58,text,whatsapp,Your account balance is ₹₹20973. Thank you for banking with us.,support@rediffmail.com,2025-09-12 17:08:20.460597,False,,0.18776849722920688,0.08283472163494027,,,,,,,,,,,,
legit_59,text,sms,Your account balance is ₹₹27077. Thank you for banking with us.,+91-3210987654,2025-09-12 20:08:20.460602,False,,0.026052788933249804,0.09713329846871539,,,,,,,,,,,,
legit_60,text,email,Your monthly bank statement is ready. Please check your registered email for details.,support@yahoo.com,2025-09-12 12:08:20.460605,False,,0.0852174076038774,0.07118042920258452,,,,,,,,,,,,
legit_61,text,sms,Your account balance is ₹₹28011. Thank you for banking with us.,+91-6543210987,2025-09-12 12:08:20.460607,False,,0.18831387882891903,0.09019861625988695,,,,,,,,,,,,
legit_62,text,sms,Your monthly bank statement is ready. Please check your registered email for details.,support@outlook.com,2025-09-12 22:08:20.460611,False,,0.048923822878217595,0.06187175623165449,,,,,,,,,,,,
legit_63,text,email,Your insurance policy renewal is due. Please contact us at +91-8000000000 for assistance.,support@hotmail.com,2025-09-12 22:08:20.460614,False,,0.10804919298661993,0.06282200261942701,,,,,,,,,,,,
legit_64,text,sms,Your loan application has been approved. Please visit our branch to complete the formalities.,+91-2109876543,2025-09-12 14:08:20.460616,False,,0.06389881071225836,0.028699031869759972,,,,,,,,,,,,
legit_65,text,email,Your credit card payment of ₹₹48241 is due on 2025-10-12. Please pay to avoid late fees.,support@outlook.com,2025-09-12 18:08:20.460623,False,,0.26510228157038385,0.13542661747045825,,,,,,,,,,,,
legit_66,text,email,Your insurance policy renewal is due. Please contact us at +91-8000000000 for assistance.,support@hotmail.com,2025-09-12 09:08:20.460625,False,,0.09562596800128245,0.13252879868790393,,,,,,,,,,,,
legit_67,text,whatsapp,Your monthly bank statement is ready. Please check your registered email for details.,support@rediffmail.com,2025-09-12 18:08:20.460628,False,,0.290477525441928,0.05468234209478234,,,,,,,,,,,,
legit_68,text,whatsapp,Your account balance is ₹₹20150. Thank you for banking with us.,support@hotmail.com,2025-09-12 13:08:20.460631,False,,0.007435869235790793,0.1758632459759304,,,,,,,,,,,,
legit_69,text,whatsapp,Your insurance policy renewal is due. Please contact us at +91-8000000000 for assistance.,support@yahoo.com,2025-09-12 20:08:20.460633,False,,0.059077348016806835,0.1966724026537845,,,,,,,,,,,,
legit_70,text,whatsapp,Your monthly bank statement is ready. Please check your registered email for details.,+91-2109876543,2025-09-12 19:08:20.460635,False,,0.2683772245639596,0.021793369302197576,,,,,,,,,,,,
legit_71,text,email,Your account balance is ₹₹43779. Thank you for banking with us.,+91-8765432109,2025-09-12 19:08:20.460638,False,,0.023171180426649507,0.12480476474627214,,,,,,,,,,,,
legit_72,text,sms,Your insurance policy renewal is due. Please contact us at +91-8000000000 for assistance.,+91-8765432109,2025-09-13 02:08:20.460641,False,,0.09109869939999622,0.14705009621119133,,,,,,,,,,,,
legit_73,text,whatsapp,Your loan application has been approved. Please visit our branch to complete the formalities.,support@hotmail.com,2025-09-12 11:08:20.460643,False,,0.1742074671477873,0.0859028517781561,,,,,,,,,,,,
legit_74,text,sms,Your account balance is ₹₹11775. Thank you for banking with us.,support@yahoo.com,2025-09-13 03:08:20.460647,False,,0.060350369710256556,0.04459008580643906,,,,,,,,,,,,
legit_75,text,sms,Your account balance is ₹₹35529. Thank you for banking with us.,support@gmail.com,2025-09-12 15:08:20.460650,False,,0.21975554393761434,0.11347452884051655,,,,,,,,,,,,
legit_76,text,whatsapp,Your monthly bank statement is ready. Please check your registered email for details.,+91-3210987654,2025-09-13 05:08:20.460653,False,,0.15862865595902945,0.1388945489415728,,,,,,,,,,,,
legit_77,text,whatsapp,Your credit card payment of ₹₹38380 is due on 2025-09-18. Please pay to avoid late fees.,+91-2109876543,2025-09-12 13:08:20.460659,False,,0.0417092966834085,0.15080648895324503,,,,,,,,,,,,
legit_78,text,email,Your monthly bank statement is ready. Please check your registered email for details.,support@yahoo.com,2025-09-13 04:08:20.460663,False,,0.13609319101677841,0.16917444526421227,,,,,,,,,,,,
legit_79,text,email,Your insurance policy renewal is due. Please contact us at +91-8000000000 for assistance.,+91-3210987654,2025-09-13 07:08:20.460665,False,,0.20740722460658817,0.14161530247915943,,,,,,,,,,,,
legit_80,text,email,Your insurance policy renewal is due. Please contact us at +91-8000000000 for assistance.,support@outlook.com,2025-09-13 04:08:20.460668,False,,0.1585471873167757,0.029137156453293046,,,,,,,,,,,,
legit_81,text,sms,Your insurance policy renewal is due. Please contact us at +91-8000000000 for assistance.,+91-9876543210,2025-09-13 06:08:20.460670,False,,0.23097771007762186,0.1314827380565394,,,,,,,,,,,,
legit_82,text,sms,Your insurance policy renewal is due. Please contact us at +91-8000000000 for assistance.,support@gmail.com,2025-09-12 20:08:20.460673,False,,0.05349043362729994,0.09416248277520196,,,,,,,,,,,,
legit_83,text,email,Your monthly bank statement is ready. Please check your registered email for details.,support@gmail.com,2025-09-12 12:08:20.460675,False,,0.26026750639016094,0.18841570821018813,,,,,,,,,,,,
legit_84,text,whatsapp,Your credit card payment of ₹₹18066 is due on 2025-09-28. Please pay to avoid late fees.,support@hotmail.com,2025-09-13 06:08:20.460681,False,,0.03170014678745107,0.026184924560793823,,,,,,,,,,,,
legit_85,text,whatsapp,Your loan application has been approved. Please visit our branch to complete the formalities.,+91-7654321098,2025-09-13 06:08:20.460684,False,,0.15924683919406343,0.018453815700840436,,,,,,,,,,,,
legit_86,text,sms,Your loan application has been approved. Please visit our branch to complete the formalities.,support@rediffmail.com,2025-09-13 03:08:20.460687,False,,0.147310559132514,0.07233464649572156,,,,,,,,,,,,
legit_87,text,sms,Your account balance is ₹₹15354. Thank you for banking with us.,+91-6543210987,2025-09-12 08:08:20.460692,False,,0.22318028188795444,0.14449394700730442,,,,,,,,,,,,
legit_88,text,sms,Your account balance is ₹₹13582. Thank you for banking with us.,support@rediffmail.com,2025-09-13 01:08:20.460695,False,,0.23072910348481138,0.19437854220771422,,,,,,,,,,,,
legit_89,text,whatsapp,Your insurance policy renewal is due. Please contact us at +91-8000000000 for assistance.,support@hotmail.com,2025-09-12 13:08:20.460697,False,,0.1489597187252721,0.1918297274941052,,,,,,,,,,,,
legit_90,text,whatsapp,Your loan application has been approved. Please visit our branch to complete the formalities.,support@outlook.com,2025-09-12 20:08:20.460700,False,,0.2904743941952987,0.12364932538861928,,,,,,,,,,,,
legit_91,text,whatsapp,Your insurance policy renewal is due. Please contact us at +91-8000000000 for assistance.,+91-3210987654,2025-09-12 15:08:20.460702,False,,0.06542210908048925,0.0747493799546414,,,,,,,,,,,,
legit_92,text,whatsapp,Your insurance policy renewal is due. Please contact us at +91-8000000000 for assistance.,+91-3210987654,2025-09-12 21:08:20.460705,False,,0.0738581089705416,0.0686042702534935,,,,,,,,,,,,
legit_93,text,sms,Your credit card payment of ₹₹6195 is due on 2025-09-24. Please pay to avoid late fees.,support@rediffmail.com,2025-09-13 03:08:20.460710,False,,0.0875221602462895,0.12972357111287858,,,,,,,,,,,,
legit_94,text,sms,Your account balance is ₹₹49553. Thank you for banking with us.,support@hotmail.com,2025-09-13 00:08:20.460713,False,,0.20462881630127916,0.042639088172458366,,,,,,,,,,,,
legit_95,text,whatsapp,Your credit card payment of ₹₹34896 is due on 2025-09-16. Please pay to avoid late fees.,+91-7654321098,2025-09-12 17:08:20.460719,False,,0.021144612575544786,0.00792192557410254,,,,,,,,,,,,
legit_96,text,whatsapp,Your credit card payment of ₹₹20811 is due on 2025-09-29. Please pay to avoid late fees.,+91-5432109876,2025-09-13 05:08:20.460724,False,,0.19466776336547484,0.017576122123821824,,,,,,,,,,,,
legit_97,text,whatsapp,Your account balance is ₹₹25766. Thank you for banking with us.,support@yahoo.com,2025-09-12 11:08:20.460728,False,,0.0842610594446285,0.06236369853250519,,,,,,,,,,,,
legit_98,text,whatsapp,Your loan application has been approved. Please visit our branch to complete the formalities.,+91-6543210987,2025-09-12 08:08:20.460732,False,,0.15372710957660732,0.18283653426387833,,,,,,,,,,,,
legit_99,text,email,Your loan application has been approved. Please visit our branch to complete the formalities.,+91-4321098765,2025-09-13 01:08:20.460735,False,,0.1017709512848466,0.017134098377925743,,,,,,,,,,,,
legit_100,text,email,Your credit card payment of ₹₹35938 is due on 2025-09-23. Please pay to avoid late fees.,+91-8765432109,2025-09-12 13:08:20.460740,False,,0.10128970214629514,0.026535918079959767,,,,,,,,,,,,
audio_scam_1,audio,,,,2025-09-12 13:08:20.461615,True,digital_arrest,,,+91-8765432109,85.0,poor,0.3246965294811964,1.658822256444831,0.16866672199797061,False,,,,,
audio_scam_2,audio,,,,2025-09-12 13:08:20.461626,True,banking_fraud,,,+91-8765432109,548.0,good,0.7790054140832863,1.2862046163126708,0.2890725894797211,False,,,,,
audio_scam_3,audio,,,,2025-09-12 23:08:20.461631,True,digital_arrest,,,+91-7654321098,129.0,good,0.6850327081257246,1.6016005889122562,0.39061883462214775,True,,,,,
audio_scam_4,audio,,,,2025-09-13 02:08:20.461636,True,banking_fraud,,,+91-6543210987,97.0,good,0.4867139598150135,1.8424412092624265,0.18484509795057388,True,,,,,
audio_scam_5,audio,,,,2025-09-13 04:08:20.461640,True,banking_fraud,,,+91-6543210987,446.0,fair,0.43529159195773043,1.2537779351703564,0.32708194012694813,True,,,,,
audio_scam_6,audio,,,,2025-09-12 22:08:20.461643,True,government_official,,,+91-9876543210,64.0,fair,0.6570195184487656,1.6259970952017766,0.36135511227724815,True,,,,,
audio_scam_7,audio,,,,2025-09-12 12:08:20.461646,True,digital_arrest,,,+91-3210987654,326.0,poor,0.3444546145606665,1.8245471406476201,0.2962607315026238,True,,,,,
audio_scam_8,audio,,,,2025-09-12 20:08:20.461649,True,digital_arrest,,,+91-7654321098,453.0,fair,0.37531425481725356,1.7745759476270717,0.3967165675891906,True,,,,,
audio_scam_9,audio,,,,2025-09-12 15:08:20.461652,True,government_official,,,+91-4321098765,513.0,poor,0.3889962872082243,1.494006954681204,0.3560980037196585,False,,,,,
audio_scam_10,audio,,,,2025-09-12 19:08:20.461655,True,banking_fraud,,,+91-3210987654,378.0,poor,0.5741848310700988,1.846381479036843,0.35067128078043286,False,,,,,
audio_scam_11,audio,,,,2025-09-13 04:08:20.461658,True,digital_arrest,,,+91-6543210987,193.0,poor,0.7150335755309769,1.9492784076273928,0.1150571262937786,False,,,,,
audio_scam_12,audio,,,,2025-09-13 00:08:20.461660,True,digital_arrest,,,+91-7654321098,377.0,poor,0.45233664349053987,1.2422338982062548,0.18963670503357297,False,,,,,
audio_scam_13,audio,,,,2025-09-13 03:08:20.461663,True,government_official,,,+91-3210987654,452.0,good,0.6689779223989036,1.8576191986385147,0.2680476088220128,False,,,,,
audio_scam_14,audio,,,,2025-09-12 10:08:20.461667,True,banking_fraud,,,+91-3210987654,450.0,good,0.6073975882652822,1.488677235797947,0.2005700264121857,True,,,,,
audio_scam_15,audio,,,,2025-09-12 09:08:20.461669,True,digital_arrest,,,+91-9876543210,51.0,poor,0.7602523498042422,1.3080927753137004,0.3071574334331703,True,,,,,
audio_scam_16,audio,,,,2025-09-12 17:08:20.461672,True,banking_fraud,,,+91-6543210987,167.0,fair,0.5148899571960516,1.294163402040833,0.31365747996550764,True,,,,,
audio_scam_17,audio,,,,2025-09-12 11:08:20.461675,True,digital_arrest,,,+91-2109876543,64.0,poor,0.4483529044212399,1.3544304117594685,0.27265995326527315,True,,,,,
audio_scam_18,audio,,,,2025-09-12 23:08:20.461678,True,government_official,,,+91-4321098765,499.0,good,0.4754784816996423,1.7683435830655971,0.24935119164089167,False,,,,,
audio_scam_19,audio,,,,2025-09-12 20:08:20.461681,True,digital_arrest,,,+91-4321098765,420.0,poor,0.3755689421541752,1.4947062514495453,0.29859389656129603,False,,,,,
audio_scam_20,audio,,,,2025-09-13 05:08:20.461684,True,banking_fraud,,,+91-9876543210,585.0,good,0.4700710096617284,1.777700918725642,0.2553563705163757,False,,,,,
audio_scam_21,audio,,,,2025-09-13 05:08:20.461687,True,banking_fraud,,,+91-8765432109,318.0,poor,0.4913139500072804,1.4553680080336515,0.12118627755233007,True,,,,,
audio_scam_22,audio,,,,2025-09-13 03:08:20.461689,True,banking_fraud,,,+91-9876543210,205.0,fair,0.31518049369527085,1.4547838872124905,0.13870924250036776,True,,,,,
audio_scam_23,audio,,,,2025-09-12 10:08:20.461692,True,government_official,,,+91-8765432109,64.0,fair,0.6293818775000148,1.2966581439233824,0.27790932924041023,False,,,,,
audio_scam_24,audio,,,,2025-09-13 06:08:20.461695,True,digital_arrest,,,+91-7654321098,264.0,fair,0.6231712829244507,1.497751125470368,0.3800064439344213,False,,,,,
audio_scam_25,audio,,,,2025-09-12 15:08:20.461698,True,banking_fraud,,,+91-2109876543,599.0,good,0.5448707214435242,1.765895514004896,0.1888220342671567,False,,,,,
audio_scam_26,audio,,,,2025-09-12 13:08:20.461701,True,digital_arrest,,,+91-5432109876,441.0,fair,0.5313589686979497,1.3275423980632384,0.33998094500523657,True,,,,,
audio_scam_27,audio,,,,2025-09-13 04:08:20.461703,True,digital_arrest,,,+91-4321098765,458.0,fair,0.5933327150020218,1.4117852728356226,0.30819060012429356,False,,,,,
audio_scam_28,audio,,,,2025-09-12 22:08:20.461706,True,government_official,,,+91-9876543210,38.0,poor,0.41257347904358543,1.838709502535132,0.1008399030006833,True,,,,,
audio_scam_29,audio,,,,2025-09-12 09:08:20.461709,True,banking_fraud,,,+91-2109876543,280.0,fair,0.6545019105679359,1.6339635061096955,0.11454324568892656,True,,,,,
audio_scam_30,audio,,,,2025-09-13 03:08:20.461711,True,banking_fraud,,,+91-8765432109,306.0,poor,0.6305249550621119,1.3580682928251575,0.11056553105286976,True,,,,,
audio_scam_31,audio,,,,2025-09-13 03:08:20.461714,True,banking_fraud,,,+91-8765432109,277.0,poor,0.5388915101769567,1.796013226049704,0.3846525575870904,False,,,,,
audio_scam_32,audio,,,,2025-09-12 09:08:20.461716,True,digital_arrest,,,+91-5432109876,453.0,good,0.7421288060542349,1.4854092129339964,0.31656523137417425,True,,,,,
audio_scam_33,audio,,,,2025-09-12 14:08:20.461719,True,government_official,,,+91-3210987654,310.0,good,0.699542364639786,1.708043831048745,0.2829253429941916,False,,,,,
audio_scam_34,audio,,,,2025-09-12 11:08:20.461722,True,digital_arrest,,,+91-2109876543,210.0,poor,0.5690831468828449,1.5852516598749526,0.3760967652592616,False,,,,,
audio_scam_35,audio,,,,2025-09-12 14:08:20.461725,True,digital_arrest,,,+91-4321098765,174.0,fair,0.3042643097893479,1.993267793816845,0.3183458032687975,False,,,,,
audio_scam_36,audio,,,,2025-09-13 07:08:20.461728,True,banking_fraud,,,+91-6543210987,143.0,fair,0.45169061885167716,1.8979573364972335,0.1601609812471173,False,,,,,
audio_scam_37,audio,,,,2025-09-12 12:08:20.461730,True,banking_fraud,,,+91-3210987654,319.0,good,0.40096677151632537,1.6458353810688489,0.10654593944578328,False,,,,,
audio_scam_38,audio,,,,2025-09-12 21:08:20.461733,True,banking_fraud,,,+91-3210987654,226.0,fair,0.5937247404691195,1.977348324870954,0.18449501019299921,False,,,,,
audio_scam_39,audio,,,,2025-09-12 21:08:20.461735,True,digital_arrest,,,+91-4321098765,578.0,poor,0.37819224648492944,1.6431137634361994,0.23654950630173946,True,,,,,
audio_scam_40,audio,,,,2025-09-12 17:08:20.461738,True,government_official,,,+91-7654321098,192.0,poor,0.33241089377501026,1.2078219661574499,0.36770125766904693,True,,,,,
audio_scam_41,audio,,,,2025-09-12 14:08:20.461740,True,government_official,,,+91-5432109876,462.0,fair,0.35724516514057225,1.8063472211541958,0.34584744020253677,True,,,,,
audio_scam_42,audio,,,,2025-09-13 01:08:20.461743,True,digital_arrest,,,+91-5432109876,502.0,fair,0.5787698595979271,1.7027390949314638,0.1312451204543663,True,,,,,
audio_scam_43,audio,,,,2025-09-12 14:08:20.461745,True,banking_fraud,,,+91-6543210987,64.0,good,0.5780236458885537,1.428735822199851,0.3772440793656885,False,,,,,
audio_scam_44,audio,,,,2025-09-12 20:08:20.461748,True,government_official,,,+91-3210987654,597.0,good,0.4141969199783277,1.717673814681636,0.12510694727693875,False,,,,,
audio_scam_45,audio,,,,2025-09-12 12:08:20.461750,True,digital_arrest,,,+91-9876543210,505.0,good,0.78967459803879,1.8795436357995063,0.13053029401941577,True,,,,,
audio_scam_46,audio,,,,2025-09-13 01:08:20.461753,True,government_official,,,+91-9876543210,380.0,poor,0.46746569528565646,1.5470317311223645,0.3246608658019806,True,,,,,
audio_scam_47,audio,,,,2025-09-12 18:08:20.461755,True,government_official,,,+91-5432109876,531.0,poor,0.6717204940559978,1.729153332652202,0.2994166532570344,True,,,,,
audio_scam_48,audio,,,,2025-09-12 20:08:20.461757,True,digital_arrest,,,+91-6543210987,127.0,fair,0.6038383057350699,1.3255151427867726,0.3143286685719612,False,,,,,
audio_scam_49,audio,,,,2025-09-12 14:08:20.461760,True,banking_fraud,,,+91-5432109876,507.0,good,0.6174031291911743,1.8795486534035157,0.3221892624436964,False,,,,,
audio_scam_50,audio,,,,2025-09-13 05:08:20.461762,True,digital_arrest,,,+91-2109876543,510.0,poor,0.4806449364395995,1.7241868760444516,0.20020958386314908,True,,,,,
audio_legit_1,audio,,,,2025-09-12 19:08:20.461766,False,,,,+91-2109876543,138.0,good,0.1346672861763665,1.0260884131347765,0.5751592920766967,False,,,,,
audio_legit_2,audio,,,,2025-09-12 15:08:20.461769,False,,,,+91-9876543210,135.0,excellent,0.09083859925385447,1.009722437013108,0.47402545462031537,False,,,,,
audio_legit_3,audio,,,,2025-09-12 17:08:20.461772,False,,,,+91-5432109876,79.0,excellent,0.023551801508241422,1.023229549598398,0.5431174489496178,False,,,,,
audio_legit_4,audio,,,,2025-09-12 23:08:20.461775,False,,,,+91-7654321098,92.0,good,0.0019942094633109363,0.8922468775241033,0.6822897682031013,False,,,,,
audio_legit_5,audio,,,,2025-09-13 04:08:20.461777,False,,,,+91-7654321098,129.0,good,0.17467020147344786,1.0790427983922333,0.6937610994206165,False,,,,,
audio_legit_6,audio,,,,2025-09-13 05:08:20.461779,False,,,,+91-6543210987,148.0,excellent,0.2838438896543027,1.1227930631369072,0.611630464110983,False,,,,,
audio_legit_7,audio,,,,2025-09-12 13:08:20.461781,False,,,,+91-4321098765,131.0,excellent,0.12740517482934285,1.0177303527172386,0.5647657481816357,False,,,,,
audio_legit_8,audio,,,,2025-09-12 09:08:20.461783,False,,,,+91-2109876543,146.0,good,0.08964351727401379,1.13751675536524,0.6659952236135358,False,,,,,
audio_legit_9,audio,,,,2025-09-13 01:08:20.461786,False,,,,+91-8765432109,212.0,good,0.1267892179245013,0.8235433208029271,0.5780816536360948,False,,,,,
audio_legit_10,audio,,,,2025-09-12 23:08:20.461788,False,,,,+91-7654321098,281.0,good,0.0468786052423784,1.0716592112317296,0.45348551358845074,False,,,,,
audio_legit_11,audio,,,,2025-09-12 16:08:20.461791,False,,,,+91-8765432109,186.0,good,0.03294863797197454,1.0614338930691791,0.7372862620541352,False,,,,,
audio_legit_12,audio,,,,2025-09-13 06:08:20.461793,False,,,,+91-6543210987,138.0,good,0.18355385107460295,1.1570912743095767,0.40765341591839754,False,,,,,
audio_legit_13,audio,,,,2025-09-12 13:08:20.461795,False,,,,+91-4321098765,224.0,excellent,0.18302593116690777,0.9590483451245526,0.41431372585523807,False,,,,,
audio_legit_14,audio,,,,2025-09-12 16:08:20.461797,False,,,,+91-3210987654,168.0,good,0.07070392818071794,0.927534084683347,0.5544851543721,False,,,,,
audio_legit_15,audio,,,,2025-09-12 17:08:20.461799,False,,,,+91-6543210987,110.0,excellent,0.11553321350248477,1.1852054266941654,0.7770472985708992,False,,,,,
audio_legit_16,audio,,,,2025-09-12 08:08:20.461802,False,,,,+91-9876543210,134.0,good,0.012159005515338005,1.091726622827714,0.5126071110333025,False,,,,,
audio_legit_17,audio,,,,2025-09-12 18:08:20.461804,False,,,,+91-6543210987,65.0,good,0.2374190647608709,1.1193121563814394,0.4709619543990438,False,,,,,
audio_legit_18,audio,,,,2025-09-13 00:08:20.461806,False,,,,+91-2109876543,241.0,good,0.24226420160424322,1.1308582765617188,0.7927472205346533,False,,,,,
audio_legit_19,audio,,,,2025-09-12 13:08:20.461808,False,,,,+91-9876543210,227.0,excellent,0.2983545676411339,1.1690849636132419,0.6654855130655108,False,,,,,
audio_legit_20,audio,,,,2025-09-13 01:08:20.461811,False,,,,+91-4321098765,265.0,excellent,0.1267669930546909,1.1104989823079525,0.41561708741084935,False,,,,,
audio_legit_21,audio,,,,2025-09-12 21:08:20.461813,False,,,,+91-2109876543,140.0,excellent,0.22352519918474145,0.8069875813124681,0.7582095873355887,False,,,,,
audio_legit_22,audio,,,,2025-09-12 10:08:20.461815,False,,,,+91-9876543210,143.0,good,0.13710343415106008,0.8453177934718786,0.47269849991188534,False,,,,,
audio_legit_23,audio,,,,2025-09-13 07:08:20.461817,False,,,,+91-2109876543,263.0,good,0.024405941064416303,1.1923046547158882,0.4376244358040995,False,,,,,
audio_legit_24,audio,,,,2025-09-12 12:08:20.461819,False,,,,+91-7654321098,267.0,good,0.2737062623416072,0.9517452076073692,0.47984897291041845,False,,,,,
audio_legit_25,audio,,,,2025-09-13 05:08:20.461821,False,,,,+91-3210987654,281.0,excellent,0.01671613110115876,0.9074835847533217,0.4101192401005961,False,,,,,
audio_legit_26,audio,,,,2025-09-12 08:08:20.461823,False,,,,+91-5432109876,268.0,good,0.08588609624157371,0.8110320753882658,0.41124307005826044,False,,,,,
audio_legit_27,audio,,,,2025-09-12 08:08:20.461826,False,,,,+91-7654321098,280.0,excellent,0.054576875276927894,0.8307577572900757,0.5233773483608117,False,,,,,
audio_legit_28,audio,,,,2025-09-12 12:08:20.461828,False,,,,+91-4321098765,200.0,good,0.14070102205833204,1.0962701061377842,0.6728231768298898,False,,,,,
audio_legit_29,audio,,,,2025-09-13 02:08:20.461830,False,,,,+91-7654321098,168.0,excellent,0.012040828711134054,0.9673229218808466,0.7945817432493921,False,,,,,
audio_legit_30,audio,,,,2025-09-12 21:08:20.461832,False,,,,+91-5432109876,269.0,excellent,0.28744088963860964,0.9209518534452412,0.4699918515181421,False,,,,,
audio_legit_31,audio,,,,2025-09-13 06:08:20.461834,False,,,,+91-5432109876,251.0,good,0.1216053066669468,0.888903334282617,0.5212821746783016,False,,,,,
audio_legit_32,audio,,,,2025-09-13 07:08:20.461836,False,,,,+91-6543210987,293.0,good,0.032735010162711194,0.9835318739152361,0.41275693795998464,False,,,,,
audio_legit_33,audio,,,,2025-09-12 18:08:20.461838,False,,,,+91-5432109876,282.0,excellent,0.20897340661462335,1.1227454591129613,0.6104071894168053,False,,,,,
audio_legit_34,audio,,,,2025-09-13 01:08:20.461842,False,,,,+91-6543210987,243.0,good,0.11052502567251353,1.1881658117061782,0.6928011600263337,False,,,,,
audio_legit_35,audio,,,,2025-09-12 23:08:20.461844,False,,,,+91-6543210987,261.0,excellent,0.022878741807212586,1.0881769766419644,0.641112227998455,False,,,,,
audio_legit_36,audio,,,,2025-09-12 16:08:20.461846,False,,,,+91-7654321098,247.0,excellent,0.10383352969915025,0.9204285414443598,0.6170338537694586,False,,,,,
audio_legit_37,audio,,,,2025-09-12 20:08:20.461849,False,,,,+91-5432109876,205.0,excellent,0.11679316296318219,0.8752473479498682,0.7925718557346182,False,,,,,
audio_legit_38,audio,,,,2025-09-12 13:08:20.461851,False,,,,+91-5432109876,225.0,excellent,0.02242098013347241,0.8782144884467911,0.41119853917406535,False,,,,,
audio_legit_39,audio,,,,2025-09-12 09:08:20.461853,False,,,,+91-7654321098,220.0,excellent,0.1209223138798099,0.9728448186507953,0.7468556129495475,False,,,,,
audio_legit_40,audio,,,,2025-09-12 17:08:20.461855,False,,,,+91-9876543210,270.0,good,0.09518067560713474,0.8821088833543853,0.5995678164715257,False,,,,,
audio_legit_41,audio,,,,2025-09-12 08:08:20.461858,False,,,,+91-4321098765,276.0,good,0.0328058029615105,1.1402572882159228,0.7651977299716249,False,,,,,
audio_legit_42,audio,,,,2025-09-13 06:08:20.461860,False,,,,+91-7654321098,107.0,good,0.011854171770499277,1.0825524063115202,0.4272233330199424,False,,,,,
audio_legit_43,audio,,,,2025-09-13 00:08:20.461862,False,,,,+91-4321098765,125.0,good,0.2781158028290936,0.9059952223606498,0.7584411293931144,False,,,,,
audio_legit_44,audio,,,,2025-09-12 12:08:20.461865,False,,,,+91-2109876543,173.0,excellent,0.00520758769376446,0.89933102721704,0.731829030407456,False,,,,,
audio_legit_45,audio,,,,2025-09-12 23:08:20.461868,False,,,,+91-3210987654,101.0,excellent,0.2810990149299655,0.9125080678804266,0.4334466633748452,False,,,,,
audio_legit_46,audio,,,,2025-09-12 19:08:20.461870,False,,,,+91-7654321098,91.0,good,0.18159343076492104,1.1488308511491387,0.6227946782136917,False,,,,,
audio_legit_47,audio,,,,2025-09-12 15:08:20.461873,False,,,,+91-5432109876,101.0,good,0.12911886660475946,0.8048088972351608,0.7366886172632031,False,,,,,
audio_legit_48,audio,,,,2025-09-13 02:08:20.461875,False,,,,+91-9876543210,239.0,excellent,0.22355502645736958,1.0117995261508936,0.6720507895495513,False,,,,,
audio_legit_49,audio,,,,2025-09-12 17:08:20.461877,False,,,,+91-9876543210,106.0,good,0.08619083886914085,1.0067202608392742,0.4406653569581455,False,,,,,
audio_legit_50,audio,,,,2025-09-13 02:08:20.461879,False,,,,+91-6543210987,103.0,good,0.15062906509701782,1.125043313308599,0.5760845803704494,False,,,,,
video_scam_1,video,,,,2025-09-12 20:08:20.462428,True,digital_arrest,,,+91-2109876543,281.0,,,,,False,fair,0.3952040411403577,0.19439389134764967,0.6911602305119872,0.6311128653701921
video_scam_2,video,,,,2025-09-12 17:08:20.462437,True,government_official,,,+91-7654321098,188.0,,,,,False,fair,0.43429415515254893,0.1588120762173486,0.45507040212177197,0.6370890745469246
video_scam_3,video,,,,2025-09-13 05:08:20.462442,True,digital_arrest,,,+91-2109876543,205.0,,,,,False,poor,0.5823215487318798,0.2680654264553829,0.6574427408070513,0.4787331983970192
video_scam_4,video,,,,2025-09-12 13:08:20.462446,True,digital_arrest,,,+91-4321098765,185.0,,,,,True,poor,0.36054130878857904,0.15296316715044705,0.39952237431284815,0.6405743330999664
video_scam_5,video,,,,2025-09-12 16:08:20.462449,True,government_official,,,+91-8765432109,287.0,,,,,False,fair,0.4214289033133738,0.20521453980401735,0.4537951727953498,0.5372793654735827
video_scam_6,video,,,,2025-09-12 20:08:20.462452,True,government_official,,,+91-2109876543,252.0,,,,,True,fair,0.2064507123715795,0.26980742505571287,0.6345822441238312,0.6457223512121254
video_scam_7,video,,,,2025-09-12 23:08:20.462455,True,digital_arrest,,,+91-3210987654,109.0,,,,,True,fair,0.5685852014898256,0.1144748639595417,0.4388574931588638,0.764255406619525
video_scam_8,video,,,,2025-09-12 22:08:20.462458,True,government_official,,,+91-3210987654,245.0,,,,,True,fair,0.33081570987830455,0.28916559314328105,0.47621228155840434,0.4428570163369439
video_scam_9,video,,,,2025-09-13 01:08:20.462461,True,government_official,,,+91-4321098765,180.0,,,,,True,poor,0.2337234167620125,0.23570604909188525,0.5509399068811656,0.7335150969554648
video_scam_10,video,,,,2025-09-12 14:08:20.462464,True,government_official,,,+91-5432109876,161.0,,,,,True,fair,0.5961014403213221,0.2929749609307717,0.5573749743097894,0.4013674272527099
video_scam_11,video,,,,2025-09-13 06:08:20.462467,True,digital_arrest,,,+91-6543210987,61.0,,,,,False,poor,0.2983346777925942,0.1823471396559478,0.3321850038278291,0.42502043170590614
video_scam_12,video,,,,2025-09-12 20:08:20.462469,True,digital_arrest,,,+91-2109876543,62.0,,,,,True,fair,0.39059030750066015,0.28232314314244794,0.6420029868713868,0.4083825289216131
video_scam_13,video,,,,2025-09-13 05:08:20.462472,True,digital_arrest,,,+91-2109876543,181.0,,,,,True,poor,0.5589128322773441,0.12517396560342672,0.32250311521436964,0.7997870821592195
video_scam_14,video,,,,2025-09-12 15:08:20.462475,True,digital_arrest,,,+91-3210987654,206.0,,,,,False,fair,0.35165116147828607,0.1383363199322074,0.530748040085067,0.7907159444139541
video_scam_15,video,,,,2025-09-12 13:08:20.462478,True,government_official,,,+91-7654321098,173.0,,,,,False,poor,0.4003167087742263,0.2059823874769277,0.4536506556817346,0.6796733884961002
video_scam_16,video,,,,2025-09-13 04:08:20.462481,True,government_official,,,+91-7654321098,70.0,,,,,False,poor,0.5574456265903165,0.22434235935366761,0.428412103785366,0.7278351125425523
video_scam_17,video,,,,2025-09-12 13:08:20.462484,True,digital_arrest,,,+91-5432109876,291.0,,,,,True,fair,0.43451637575894136,0.10272442357229823,0.631714517550555,0.5026589626402532
video_scam_18,video,,,,2025-09-13 07:08:20.462487,True,digital_arrest,,,+91-3210987654,60.0,,,,,True,fair,0.528089049189751,0.10125051949790886,0.5087748491035962,0.7511542882106427
video_scam_19,video,,,,2025-09-13 03:08:20.462490,True,government_official,,,+91-2109876543,138.0,,,,,False,fair,0.48632022892408716,0.19758626679930624,0.545498995897781,0.7620720083130255
video_scam_20,video,,,,2025-09-12 16:08:20.462492,True,government_official,,,+91-7654321098,290.0,,,,,False,fair,0.4683890973336775,0.20278794939221706,0.34519623552048395,0.7770729850319367
video_scam_21,video,,,,2025-09-13 00:08:20.462495,True,digital_arrest,,,+91-7654321098,104.0,,,,,True,fair,0.2216897032204932,0.2635348597464868,0.5819008840081472,0.6411775960786208
video_scam_22,video,,,,2025-09-12 16:08:20.462497,True,government_official,,,+91-9876543210,134.0,,,,,False,fair,0.5708068473236162,0.12383634410510776,0.6079786280309871,0.7261244131024691
video_scam_23,video,,,,2025-09-13 02:08:20.462500,True,government_official,,,+91-3210987654,256.0,,,,,True,fair,0.3748386500392241,0.18635568090845006,0.6213190534368525,0.5532123708818979
video_scam_24,video,,,,2025-09-13 06:08:20.462503,True,government_official,,,+91-4321098765,202.0,,,,,False,poor,0.5625607500283369,0.1854849845635167,0.4759090190039922,0.5753634310425754
video_scam_25,video,,,,2025-09-12 18:08:20.462506,True,digital_arrest,,,+91-7654321098,197.0,,,,,True,poor,0.3324079030111625,0.12540820306352726,0.5079142878496311,0.7195415496991293
video_scam_26,video,,,,2025-09-12 16:08:20.462510,True,digital_arrest,,,+91-5432109876,296.0,,,,,False,fair,0.5303873778454642,0.2357355577186387,0.4915353252286001,0.7136426449723345
video_scam_27,video,,,,2025-09-12 13:08:20.462513,True,government_official,,,+91-9876543210,213.0,,,,,False,poor,0.4614488823433807,0.10898189490269475,0.6484774694574152,0.6581982066032936
video_scam_28,video,,,,2025-09-12 10:08:20.462515,True,digital_arrest,,,+91-5432109876,279.0,,,,,False,fair,0.3936071440236768,0.13454821771562037,0.3311662268996621,0.6565815368785757
video_scam_29,video,,,,2025-09-13 02:08:20.462519,True,digital_arrest,,,+91-3210987654,129.0,,,,,False,poor,0.41571186443913055,0.22749786310271308,0.4638144811502596,0.7679150624404381
video_scam_30,video,,,,2025-09-13 05:08:20.462521,True,government_official,,,+91-2109876543,145.0,,,,,False,fair,0.549590750899934,0.2134499508911334,0.624910052223046,0.6010108698020954
video_legit_1,video,,,,2025-09-13 04:08:20.462525,False,,,,+91-5432109876,298.0,,,,,False,excellent,0.7225395800765437,0.3006332556133343,0.9219403922342904,0.9265384989961016
video_legit_2,video,,,,2025-09-12 19:08:20.462529,False,,,,+91-3210987654,208.0,,,,,False,good,0.7564184269502671,0.36046791793562294,0.9462047123503963,0.8343132345708503
video_legit_3,video,,,,2025-09-12 14:08:20.462533,False,,,,+91-2109876543,225.0,,,,,False,good,0.7352912706948673,0.33658110982490286,0.8895468026995624,0.8249771409626202
video_legit_4,video,,,,2025-09-13 06:08:20.462536,False,,,,+91-5432109876,317.0,,,,,False,good,0.8780183664726398,0.41879779373338777,0.8213158562574499,0.8668603566203055
video_legit_5,video,,,,2025-09-12 22:08:20.462539,False,,,,+91-2109876543,513.0,,,,,False,excellent,0.8401249411388714,0.37673887288344976,0.8940861547290008,0.8028973838556744
video_legit_6,video,,,,2025-09-12 23:08:20.462541,False,,,,+91-3210987654,531.0,,,,,False,good,0.8600108867271655,0.41563786556873217,0.9733728616963956,0.9255669767351495
video_legit_7,video,,,,2025-09-13 00:08:20.462544,False,,,,+91-2109876543,250.0,,,,,False,good,0.8510347895613932,0.3567757709669086,0.907837364091404,0.8952714250231064
video_legit_8,video,,,,2025-09-12 23:08:20.462546,False,,,,+91-9876543210,566.0,,,,,False,good,0.905087781492015,0.4651787487840023,0.8333544796414831,0.9079069974039855
video_legit_9,video,,,,2025-09-12 11:08:20.462548,False,,,,+91-6543210987,556.0,,,,,False,good,0.9742834611279241,0.34034493702869684,0.9238370134803746,0.8601712224234874
video_legit_10,video,,,,2025-09-12 20:08:20.462550,False,,,,+91-8765432109,215.0,,,,,False,good,0.9609956756304193,0.4302071996134362,0.952852537954059,0.8743181875753613
video_legit_11,video,,,,2025-09-12 16:08:20.462553,False,,,,+91-2109876543,273.0,,,,,False,good,0.7550731270038118,0.3505588201037178,0.8093423826833239,0.9632392139081047
video_legit_12,video,,,,2025-09-12 11:08:20.462555,False,,,,+91-7654321098,326.0,,,,,False,good,0.7044841340223239,0.4869282479113335,0.8003982396417295,0.9681416174392274
video_legit_13,video,,,,2025-09-12 16:08:20.462557,False,,,,+91-3210987654,461.0,,,,,False,excellent,0.996639363678143,0.41992679125233545,0.8097244746167934,0.8919577687257725
video_legit_14,video,,,,2025-09-12 22:08:20.462560,False,,,,+91-2109876543,134.0,,,,,False,excellent,0.9060196119000515,0.39983599551954674,0.8314741256769211,0.8652180224727223
video_legit_15,video,,,,2025-09-12 17:08:20.462562,False,,,,+91-6543210987,290.0,,,,,False,excellent,0.9006029198700279,0.4153922555804187,0.9296284410657774,0.8586097490529974
video_legit_16,video,,,,2025-09-12 16:08:20.462564,False,,,,+91-4321098765,312.0,,,,,False,good,0.9917051756093815,0.4536678526175404,0.891355398044183,0.8297268413572388
video_legit_17,video,,,,2025-09-12 10:08:20.462567,False,,,,+91-3210987654,484.0,,,,,False,good,0.7141913739749843,0.4935847206177962,0.927286752515972,0.9054325382896485
video_legit_18,video,,,,2025-09-12 21:08:20.462569,False,,,,+91-8765432109,133.0,,,,,False,excellent,0.8129305612112984,0.37908541777423344,0.9901913313977986,0.8316761370188358
video_legit_19,video,,,,2025-09-12 11:08:20.462571,False,,,,+91-7654321098,580.0,,,,,False,good,0.8430870054621796,0.4622204171926504,0.9462610537976525,0.9189868119941227
video_legit_20,video,,,,2025-09-12 14:08:20.462573,False,,,,+91-7654321098,168.0,,,,,False,good,0.8601227443085653,0.38670403706577194,0.9796340838289321,0.8728799130284246
video_legit_21,video,,,,2025-09-12 08:08:20.462576,False,,,,+91-9876543210,190.0,,,,,False,good,0.9779442436924309,0.31401963640694935,0.8184508984351696,0.9447365272465738
video_legit_22,video,,,,2025-09-12 13:08:20.462578,False,,,,+91-8765432109,472.0,,,,,False,excellent,0.9751475034105421,0.3874315871866809,0.9278063409755393,0.9098863927167901
video_legit_23,video,,,,2025-09-12 10:08:20.462580,False,,,,+91-8765432109,562.0,,,,,False,good,0.7069156171612736,0.3430430938099791,0.8777752834072574,0.838188459119032
video_legit_24,video,,,,2025-09-12 21:08:20.462582,False,,,,+91-3210987654,423.0,,,,,False,good,0.8516839949824091,0.3210410806628385,0.9015638229717795,0.9117568901093529
video_legit_25,video,,,,2025-09-13 03:08:20.462584,False,,,,+91-5432109876,503.0,,,,,False,good,0.725810384705115,0.4179375354092672,0.8426536273466553,0.856696304150562
video_legit_26,video,,,,2025-09-13 04:08:20.462586,False,,,,+91-6543210987,491.0,,,,,False,good,0.9817160732612739,0.4363753260712582,0.9498624594588087,0.8170020755942611
video_legit_27,video,,,,2025-09-13 00:08:20.462589,False,,,,+91-5432109876,314.0,,,,,False,good,0.7536208235501811,0.42284760379142633,0.8199163504983815,0.9553358472992646
video_legit_28,video,,,,2025-09-12 15:08:20.462591,False,,,,+91-3210987654,339.0,,,,,False,excellent,0.8131334647554429,0.38070218348548684,0.9580797911722503,0.9229506306295934
video_legit_29,video,,,,2025-09-12 10:08:20.462593,False,,,,+91-2109876543,179.0,,,,,False,excellent,0.9428176777340804,0.4710398096923263,0.8369456343618872,0.9884951984342814
video_legit_30,video,,,,2025-09-12 08:08:20.462595,False,,,,+91-5432109876,346.0,,,,,False,excellent,0.8141743322144452,0.3516562284874901,0.8754963949022861,0.8826506103275383
