id,type,channel,content,sender,timestamp,is_scam,scam_type,urgency_score,threat_score
scam_1,text,sms,"This is Income Tax Department calling. We have received a complaint against you for tax evasion. You need to pay ₹50,000 immediately to avoid digital arrest. Do not disconnect this call.",noreply@secure-bank-verification.com,2025-09-12 09:08:20.459968,True,digital_arrest,0.8632207536504163,0.7667161196271834
scam_2,text,email,"Your bank account has been compromised. To secure your account, please share your OTP 456789 and verify your identity immediately.",noreply@gov-india-security.net,2025-09-13 07:08:20.459988,True,banking_fraud,0.846802039395071,0.8238068171795087
scam_3,text,email,"This is Amit Singh from GST Department. Your PAN card has been suspended due to suspicious activities. Pay ₹50,000 to reactivate it within 24 hours.",noreply@secure-bank-verification.com,2025-09-12 17:08:20.459997,True,government_official,0.8603458766159395,0.7246712100898269
scam_4,text,sms,"This is Sunita Patel from PAN Card Office. Your PAN card has been suspended due to suspicious activities. Pay ₹50,000 to reactivate it within 24 hours.",noreply@secure-bank-verification.com,2025-09-13 06:08:20.460003,True,government_official,0.7483716472072566,0.9030353118203067
scam_5,text,sms,"This is Cyber Crime Unit calling. We have received a complaint against you for tax evasion. You need to pay ₹2,50,000 immediately to avoid digital arrest. Do not disconnect this call.",noreply@secure-bank-verification.com,2025-09-13 01:08:20.460008,True,digital_arrest,0.8587816752891271,0.8480268901698914
scam_6,text,sms,"This is Banking Security calling. We have received a complaint against you for identity theft. You need to pay ₹5,00,000 immediately to avoid digital arrest. Do not disconnect this call.",+91-6543210987,2025-09-12 15:08:20.460013,True,digital_arrest,0.9899559755371901,0.8409434765272308
scam_7,text,sms,"This is Sunita Patel from PAN Card Office. Your PAN card has been suspended due to suspicious activities. Pay ₹50,000 to reactivate it within 24 hours.",+91-3210987654,2025-09-12 12:08:20.460017,True,government_official,0.7743491256737154,0.6084782559516244
scam_8,text,whatsapp,"Your bank account has been compromised. To secure your account, please share your OTP 987654 and verify your identity immediately.",+91-2109876543,2025-09-12 11:08:20.460021,True,banking_fraud,0.9372552618943435,0.8320581509130286
scam_9,text,email,"Your bank account has been compromised. To secure your account, please share your OTP 123456 and verify your identity immediately.",noreply@tax-department-urgent.org,2025-09-12 12:08:20.460025,True,banking_fraud,0.7310028496705299,0.79649239071229
scam_10,text,email,"This is Cyber Crime Unit calling. We have received a complaint against you for tax evasion. You need to pay ₹5,00,000 immediately to avoid digital arrest. Do not disconnect this call.",+91-4321098765,2025-09-13 04:08:20.460029,True,digital_arrest,0.9621928221754027,0.8137372454814815
scam_11,text,email,"This is Police Department calling. We have received a complaint against you for tax evasion. You need to pay ₹5,00,000 immediately to avoid digital arrest. Do not disconnect this call.",noreply@police-department-cyber.in,2025-09-13 00:08:20.460032,True,digital_arrest,0.8268584107069029,0.6782436858184847
scam_12,text,email,"Your bank account has been compromised. To secure your account, please share your OTP 789012 and verify your identity immediately.",noreply@police-department-cyber.in,2025-09-13 07:08:20.460035,True,banking_fraud,0.7323016265586465,0.6069665385742332
scam_13,text,email,"Your bank account has been compromised. To secure your account, please share your OTP 987654 and verify your identity immediately.",+91-6543210987,2025-09-12 23:08:20.460038,True,banking_fraud,0.8710094199506645,0.8312689447857259
scam_14,text,sms,"This is Sunita Patel from PAN Card Office. Your PAN card has been suspended due to suspicious activities. Pay ₹25,000 to reactivate it within 24 hours.",+91-6543210987,2025-09-12 22:08:20.460042,True,government_official,0.7389529423628084,0.9467553111044434
scam_15,text,whatsapp,"Your bank account has been compromised. To secure your account, please share your OTP 789012 and verify your identity immediately.",+91-6543210987,2025-09-12 16:08:20.460045,True,banking_fraud,0.8045562287911303,0.6537128778337249
scam_16,text,whatsapp,"This is Rajesh Kumar from PAN Card Office. Your PAN card has been suspended due to suspicious activities. Pay ₹50,000 to reactivate it within 24 hours.",noreply@police-department-cyber.in,2025-09-12 13:08:20.460049,True,government_official,0.9411125187183674,0.8912034468091347
scam_17,text,whatsapp,"This is Amit Singh from PAN Card Office. Your PAN card has been suspended due to suspicious activities. Pay ₹25,000 to reactivate it within 24 hours.",+91-9876543210,2025-09-12 09:08:20.460053,True,government_official,0.763927015582531,0.9966792342904086
scam_18,text,sms,"This is Banking Security calling. We have received a complaint against you for fraudulent transactions. You need to pay ₹50,000 immediately to avoid digital arrest. Do not disconnect this call.",+91-7654321098,2025-09-12 19:08:20.460057,True,digital_arrest,0.9580736064400177,0.9798263584225535
scam_19,text,whatsapp,"This is Banking Security calling. We have received a complaint against you for tax evasion. You need to pay ₹2,50,000 immediately to avoid digital arrest. Do not disconnect this call.",+91-7654321098,2025-09-13 06:08:20.460060,True,digital_arrest,0.8423524323045128,0.8881639284584801
scam_20,text,whatsapp,"This is Income Tax Department calling. We have received a complaint against you for identity theft. You need to pay ₹2,50,000 immediately to avoid digital arrest. Do not disconnect this call.",+91-9876543210,2025-09-12 11:08:20.460064,True,digital_arrest,0.8454201314371317,0.8227986076025577
scam_21,text,whatsapp,"This is Banking Security calling. We have received a complaint against you for tax evasion. You need to pay ₹2,50,000 immediately to avoid digital arrest. Do not disconnect this call.",+91-8765432109,2025-09-12 15:08:20.460067,True,digital_arrest,0.9388554486480032,0.6247923387022196
scam_22,text,whatsapp,"This is Banking Security calling. We have received a complaint against you for identity theft. You need to pay ₹5,00,000 immediately to avoid digital arrest. Do not disconnect this call.",noreply@secure-bank-verification.com,2025-09-12 17:08:20.460073,True,digital_arrest,0.70134545032845,0.8075242848986358
scam_23,text,email,"This is Income Tax Department calling. We have received a complaint against you for identity theft. You need to pay ₹2,50,000 immediately to avoid digital arrest. Do not disconnect this call.",+91-4321098765,2025-09-12 20:08:20.460076,True,digital_arrest,0.8719149457929167,0.7738172552927942
scam_24,text,whatsapp,"Your bank account has been compromised. To secure your account, please share your OTP 456789 and verify your identity immediately.",noreply@tax-department-urgent.org,2025-09-13 04:08:20.460079,True,banking_fraud,0.8345426541008911,0.6865794047657696
scam_25,text,whatsapp,"This is Priya Sharma from PAN Card Office. Your PAN card has been suspended due to suspicious activities. Pay ₹50,000 to reactivate it within 24 hours.",+91-6543210987,2025-09-12 23:08:20.460083,True,government_official,0.9072808871134738,0.7681164888807177
scam_26,text,whatsapp,"This is Rajesh Kumar from GST Department. Your PAN card has been suspended due to suspicious activities. Pay ₹75,000 to reactivate it within 24 hours.",+91-3210987654,2025-09-12 16:08:20.460087,True,government_official,0.7271798819481992,0.8560012522497054
scam_27,text,email,"Your bank account has been compromised. To secure your account, please share your OTP 123456 and verify your identity immediately.",noreply@police-department-cyber.in,2025-09-12 15:08:20.460090,True,banking_fraud,0.7513316980668232,0.8189613714108347
scam_28,text,sms,"This is Police Department calling. We have received a complaint against you for tax evasion. You need to pay ₹2,50,000 immediately to avoid digital arrest. Do not disconnect this call.",noreply@tax-department-urgent.org,2025-09-12 10:08:20.460094,True,digital_arrest,0.7827124404004098,0.833038408612945
scam_29,text,email,"This is Sunita Patel from PAN Card Office. Your PAN card has been suspended due to suspicious activities. Pay ₹50,000 to reactivate it within 24 hours.",+91-7654321098,2025-09-13 00:08:20.460098,True,government_official,0.8161582878007572,0.8553677965219506
scam_30,text,whatsapp,"This is Police Department calling. We have received a complaint against you for identity theft. You need to pay ₹2,50,000 immediately to avoid digital arrest. Do not disconnect this call.",+91-3210987654,2025-09-12 14:08:20.460102,True,digital_arrest,0.7704649973956559,0.7172941689444138
scam_31,text,email,"Your bank account has been compromised. To secure your account, please share your OTP 123456 and verify your identity immediately.",+91-3210987654,2025-09-12 12:08:20.460105,True,banking_fraud,0.855960602375917,0.775412865488655
scam_32,text,email,"Your bank account has been compromised. To secure your account, please share your OTP 987654 and verify your identity immediately.",noreply@tax-department-urgent.org,2025-09-12 22:08:20.460108,True,banking_fraud,0.772459854730817,0.9100129020656945
scam_33,text,whatsapp,"Your bank account has been compromised. To secure your account, please share your OTP 123456 and verify your identity immediately.",noreply@gov-india-security.net,2025-09-12 18:08:20.460111,True,banking_fraud,0.804652216866331,0.6714436470233357
scam_34,text,sms,"This is Banking Security calling. We have received a complaint against you for fraudulent transactions. You need to pay ₹5,00,000 immediately to avoid digital arrest. Do not disconnect this call.",noreply@tax-department-urgent.org,2025-09-12 17:08:20.460115,True,digital_arrest,0.7923856083435832,0.9593480081466556
scam_35,text,whatsapp,"Your bank account has been compromised. To secure your account, please share your OTP 123456 and verify your identity immediately.",noreply@secure-bank-verification.com,2025-09-13 00:08:20.460121,True,banking_fraud,0.9285579454351562,0.9326479311228688
scam_36,text,whatsapp,"This is Banking Security calling. We have received a complaint against you for money laundering. You need to pay ₹1,00,000 immediately to avoid digital arrest. Do not disconnect this call.",+91-2109876543,2025-09-13 01:08:20.460124,True,digital_arrest,0.8989402171411898,0.9301195794309386
scam_37,text,sms,"Your bank account has been compromised. To secure your account, please share your OTP 456789 and verify your identity immediately.",+91-6543210987,2025-09-12 23:08:20.460127,True,banking_fraud,0.8207051563136247,0.836351296273034
scam_38,text,sms,"This is Police Department calling. We have received a complaint against you for money laundering. You need to pay ₹50,000 immediately to avoid digital arrest. Do not disconnect this call.",noreply@police-department-cyber.in,2025-09-12 12:08:20.460131,True,digital_arrest,0.7260132601452878,0.6600138978082102
scam_39,text,whatsapp,"This is Rajesh Kumar from Income Tax Department. Your PAN card has been suspended due to suspicious activities. Pay ₹75,000 to reactivate it within 24 hours.",noreply@tax-department-urgent.org,2025-09-12 12:08:20.460135,True,government_official,0.9539873350622876,0.7843111834526206
scam_40,text,sms,"Your bank account has been compromised. To secure your account, please share your OTP 123456 and verify your identity immediately.",+91-4321098765,2025-09-12 18:08:20.460138,True,banking_fraud,0.9090859754769512,0.7292949858011484
scam_41,text,sms,"This is Priya Sharma from GST Department. Your PAN card has been suspended due to suspicious activities. Pay ₹25,000 to reactivate it within 24 hours.",noreply@gov-india-security.net,2025-09-13 03:08:20.460143,True,government_official,0.7289764089853003,0.9542521431954578
scam_42,text,email,"This is Cyber Crime Unit calling. We have received a complaint against you for fraudulent transactions. You need to pay ₹50,000 immediately to avoid digital arrest. Do not disconnect this call.",+91-4321098765,2025-09-12 15:08:20.460148,True,digital_arrest,0.793180527884049,0.8715573905443423
scam_43,text,sms,"This is Priya Sharma from GST Department. Your PAN card has been suspended due to suspicious activities. Pay ₹50,000 to reactivate it within 24 hours.",+91-7654321098,2025-09-12 14:08:20.460153,True,government_official,0.919478589891654,0.7766578307050207
scam_44,text,sms,"This is Police Department calling. We have received a complaint against you for identity theft. You need to pay ₹50,000 immediately to avoid digital arrest. Do not disconnect this call.",noreply@tax-department-urgent.org,2025-09-13 02:08:20.460156,True,digital_arrest,0.8863329772116062,0.6210873691571273
scam_45,text,email,"This is Priya Sharma from GST Department. Your PAN card has been suspended due to suspicious activities. Pay ₹25,000 to reactivate it within 24 hours.",noreply@tax-department-urgent.org,2025-09-12 16:08:20.460160,True,government_official,0.9284927982581183,0.8590088666397284
scam_46,text,sms,"This is Income Tax Department calling. We have received a complaint against you for fraudulent transactions. You need to pay ₹2,50,000 immediately to avoid digital arrest. Do not disconnect this call.",noreply@secure-bank-verification.com,2025-09-13 06:08:20.460163,True,digital_arrest,0.7656893029294216,0.6153801196554983
scam_47,text,email,"This is Banking Security calling. We have received a complaint against you for tax evasion. You need to pay ₹1,00,000 immediately to avoid digital arrest. Do not disconnect this call.",noreply@secure-bank-verification.com,2025-09-13 00:08:20.460167,True,digital_arrest,0.9163038186680806,0.8762291570914642
scam_48,text,whatsapp,"This is Rajesh Kumar from GST Department. Your PAN card has been suspended due to suspicious activities. Pay ₹75,000 to reactivate it within 24 hours.",noreply@gov-india-security.net,2025-09-13 07:08:20.460171,True,government_official,0.8154158886790642,0.8763170070765683
scam_49,text,sms,"This is Amit Singh from GST Department. Your PAN card has been suspended due to suspicious activities. Pay ₹75,000 to reactivate it within 24 hours.",+91-9876543210,2025-09-12 14:08:20.460174,True,government_official,0.801794195992487,0.9438805387752522
scam_50,text,whatsapp,"This is Rajesh Kumar from Income Tax Department. Your PAN card has been suspended due to suspicious activities. Pay ₹50,000 to reactivate it within 24 hours.",+91-8765432109,2025-09-12 13:08:20.460178,True,government_official,0.7820160405136245,0.865788359565596
scam_51,text,sms,"Your bank account has been compromised. To secure your account, please share your OTP 456789 and verify your identity immediately.",+91-8765432109,2025-09-12 08:08:20.460180,True,banking_fraud,0.9672824603820195,0.7594709270063087
scam_52,text,sms,"This is Rajesh Kumar from PAN Card Office. Your PAN card has been suspended due to suspicious activities. Pay ₹25,000 to reactivate it within 24 hours.",+91-9876543210,2025-09-12 23:08:20.460184,True,government_official,0.8914864937719544,0.6817348929759506
scam_53,text,email,"This is Amit Singh from PAN Card Office. Your PAN card has been suspended due to suspicious activities. Pay ₹75,000 to reactivate it within 24 hours.",+91-8765432109,2025-09-13 02:08:20.460187,True,government_official,0.8833611424049428,0.6846222077223855
scam_54,text,email,"This is Rajesh Kumar from Income Tax Department. Your PAN card has been suspended due to suspicious activities. Pay ₹50,000 to reactivate it within 24 hours.",noreply@gov-india-security.net,2025-09-12 09:08:20.460191,True,government_official,0.9527780919321451,0.8832532894877945
scam_55,text,whatsapp,"This is Rajesh Kumar from PAN Card Office. Your PAN card has been suspended due to suspicious activities. Pay ₹50,000 to reactivate it within 24 hours.",noreply@tax-department-urgent.org,2025-09-13 05:08:20.460195,True,government_official,0.9276752661045746,0.7488231357680373
scam_56,text,whatsapp,"This is Sunita Patel from GST Department. Your PAN card has been suspended due to suspicious activities. Pay ₹50,000 to reactivate it within 24 hours.",+91-6543210987,2025-09-12 16:08:20.460198,True,government_official,0.9542235296573307,0.7842788187309897
scam_57,text,sms,"This is Priya Sharma from Income Tax Department. Your PAN card has been suspended due to suspicious activities. Pay ₹50,000 to reactivate it within 24 hours.",noreply@gov-india-security.net,2025-09-13 05:08:20.460202,True,government_official,0.8421066419287908,0.7316762016595943
scam_58,text,email,"Your bank account has been compromised. To secure your account, please share your OTP 123456 and verify your identity immediately.",+91-6543210987,2025-09-12 20:08:20.460204,True,banking_fraud,0.8394386607101347,0.9125400639002793
scam_59,text,whatsapp,"Your bank account has been compromised. To secure your account, please share your OTP 987654 and verify your identity immediately.",noreply@gov-india-security.net,2025-09-12 20:08:20.460207,True,banking_fraud,0.7320187418691889,0.9762500467516588
scam_60,text,whatsapp,"This is Sunita Patel from PAN Card Office. Your PAN card has been suspended due to suspicious activities. Pay ₹25,000 to reactivate it within 24 hours.",noreply@gov-india-security.net,2025-09-12 16:08:20.460211,True,government_official,0.9376818106662006,0.601293564069088
scam_61,text,whatsapp,"This is Police Department calling. We have received a complaint against you for identity theft. You need to pay ₹50,000 immediately to avoid digital arrest. Do not disconnect this call.",noreply@secure-bank-verification.com,2025-09-12 16:08:20.460217,True,digital_arrest,0.8128152952021269,0.6017560057300015
scam_62,text,sms,"This is Cyber Crime Unit calling. We have received a complaint against you for tax evasion. You need to pay ₹1,00,000 immediately to avoid digital arrest. Do not disconnect this call.",noreply@secure-bank-verification.com,2025-09-13 06:08:20.460221,True,digital_arrest,0.9464217726757362,0.6293423192625834
scam_63,text,sms,"This is Banking Security calling. We have received a complaint against you for fraudulent transactions. You need to pay ₹5,00,000 immediately to avoid digital arrest. Do not disconnect this call.",+91-8765432109,2025-09-12 09:08:20.460225,True,digital_arrest,0.9293995069707403,0.9552172562827634
scam_64,text,whatsapp,"This is Banking Security calling. We have received a complaint against you for fraudulent transactions. You need to pay ₹50,000 immediately to avoid digital arrest. Do not disconnect this call.",+91-5432109876,2025-09-12 10:08:20.460229,True,digital_arrest,0.8064491084510579,0.8905496882141828
scam_65,text,whatsapp,"This is Amit Singh from Income Tax Department. Your PAN card has been suspended due to suspicious activities. Pay ₹50,000 to reactivate it within 24 hours.",+91-4321098765,2025-09-12 15:08:20.460233,True,government_official,0.7478853191887592,0.6120939261410202
scam_66,text,sms,"Your bank account has been compromised. To secure your account, please share your OTP 987654 and verify your identity immediately.",+91-2109876543,2025-09-13 02:08:20.460236,True,banking_fraud,0.9502339462739429,0.9374645004035853
scam_67,text,email,"Your bank account has been compromised. To secure your account, please share your OTP 123456 and verify your identity immediately.",+91-7654321098,2025-09-12 08:08:20.460239,True,banking_fraud,0.7509270330113343,0.9344961059513573
scam_68,text,email,"This is Rajesh Kumar from PAN Card Office. Your PAN card has been suspended due to suspicious activities. Pay ₹75,000 to reactivate it within 24 hours.",+91-6543210987,2025-09-12 15:08:20.460244,True,government_official,0.8460863014353933,0.9220012195442046
scam_69,text,whatsapp,"This is Priya Sharma from PAN Card Office. Your PAN card has been suspended due to suspicious activities. Pay ₹25,000 to reactivate it within 24 hours.",noreply@tax-department-urgent.org,2025-09-12 11:08:20.460248,True,government_official,0.7915370400270985,0.8266486335991126
scam_70,text,email,"This is Sunita Patel from GST Department. Your PAN card has been suspended due to suspicious activities. Pay ₹50,000 to reactivate it within 24 hours.",noreply@tax-department-urgent.org,2025-09-12 20:08:20.460251,True,government_official,0.9931241301910894,0.9872197044148057
scam_71,text,email,"This is Rajesh Kumar from GST Department. Your PAN card has been suspended due to suspicious activities. Pay ₹50,000 to reactivate it within 24 hours.",noreply@police-department-cyber.in,2025-09-13 01:08:20.460255,True,government_official,0.8402209599934667,0.9039993270789443
scam_72,text,sms,"This is Sunita Patel from GST Department. Your PAN card has been suspended due to suspicious activities. Pay ₹25,000 to reactivate it within 24 hours.",noreply@police-department-cyber.in,2025-09-12 14:08:20.460264,True,government_official,0.7414522295061072,0.7246731352276421
scam_73,text,email,"Your bank account has been compromised. To secure your account, please share your OTP 456789 and verify your identity immediately.",+91-7654321098,2025-09-12 17:08:20.460266,True,banking_fraud,0.891569670857032,0.7092657532013353
scam_74,text,email,"This is Banking Security calling. We have received a complaint against you for fraudulent transactions. You need to pay ₹50,000 immediately to avoid digital arrest. Do not disconnect this call.",noreply@secure-bank-verification.com,2025-09-13 05:08:20.460270,True,digital_arrest,0.9596399876106758,0.7690703000380938
scam_75,text,sms,"Your bank account has been compromised. To secure your account, please share your OTP 987654 and verify your identity immediately.",+91-4321098765,2025-09-12 19:08:20.460273,True,banking_fraud,0.9289019885273607,0.8408108747479058
scam_76,text,sms,"Your bank account has been compromised. To secure your account, please share your OTP 789012 and verify your identity immediately.",+91-6543210987,2025-09-12 08:08:20.460276,True,banking_fraud,0.9952862906319264,0.6808363212698706
scam_77,text,whatsapp,"This is Amit Singh from PAN Card Office. Your PAN card has been suspended due to suspicious activities. Pay ₹75,000 to reactivate it within 24 hours.",noreply@police-department-cyber.in,2025-09-13 07:08:20.460280,True,government_official,0.8324779503598524,0.888610935989723
scam_78,text,whatsapp,"This is Priya Sharma from PAN Card Office. Your PAN card has been suspended due to suspicious activities. Pay ₹75,000 to reactivate it within 24 hours.",noreply@secure-bank-verification.com,2025-09-12 19:08:20.460284,True,government_official,0.897906854907026,0.8937699028460466
scam_79,text,email,"Your bank account has been compromised. To secure your account, please share your OTP 789012 and verify your identity immediately.",noreply@police-department-cyber.in,2025-09-12 19:08:20.460287,True,banking_fraud,0.7194752777739474,0.8910617325004615
scam_80,text,sms,"This is Sunita Patel from Income Tax Department. Your PAN card has been suspended due to suspicious activities. Pay ₹25,000 to reactivate it within 24 hours.",+91-3210987654,2025-09-12 08:08:20.460291,True,government_official,0.7559335916258981,0.8013239898629987
scam_81,text,sms,"Your bank account has been compromised. To secure your account, please share your OTP 789012 and verify your identity immediately.",noreply@tax-department-urgent.org,2025-09-13 01:08:20.460296,True,banking_fraud,0.8518093113984584,0.7655858727424668
scam_82,text,whatsapp,"Your bank account has been compromised. To secure your account, please share your OTP 789012 and verify your identity immediately.",+91-6543210987,2025-09-12 17:08:20.460299,True,banking_fraud,0.7598787344504807,0.7821859700926752
scam_83,text,whatsapp,"Your bank account has been compromised. To secure your account, please share your OTP 789012 and verify your identity immediately.",+91-4321098765,2025-09-12 09:08:20.460301,True,banking_fraud,0.8599587131981864,0.6084482219869921
scam_84,text,whatsapp,"This is Rajesh Kumar from PAN Card Office. Your PAN card has been suspended due to suspicious activities. Pay ₹75,000 to reactivate it within 24 hours.",+91-7654321098,2025-09-13 03:08:20.460305,True,government_official,0.8736795484398199,0.828009185060069
scam_85,text,whatsapp,"Your bank account has been compromised. To secure your account, please share your OTP 456789 and verify your identity immediately.",noreply@tax-department-urgent.org,2025-09-13 00:08:20.460307,True,banking_fraud,0.9618784866189951,0.8692864042058668
scam_86,text,sms,"This is Rajesh Kumar from GST Department. Your PAN card has been suspended due to suspicious activities. Pay ₹50,000 to reactivate it within 24 hours.",noreply@secure-bank-verification.com,2025-09-12 12:08:20.460311,True,government_official,0.9235419085028413,0.7216235543243563
scam_87,text,sms,"This is Priya Sharma from GST Department. Your PAN card has been suspended due to suspicious activities. Pay ₹25,000 to reactivate it within 24 hours.",+91-5432109876,2025-09-13 07:08:20.460315,True,government_official,0.9770566797133997,0.7047010631939814
scam_88,text,email,"Your bank account has been compromised. To secure your account, please share your OTP 123456 and verify your identity immediately.",noreply@secure-bank-verification.com,2025-09-12 16:08:20.460318,True,banking_fraud,0.9189270248899608,0.6977526269536867
scam_89,text,email,"This is Rajesh Kumar from PAN Card Office. Your PAN card has been suspended due to suspicious activities. Pay ₹75,000 to reactivate it within 24 hours.",+91-5432109876,2025-09-12 12:08:20.460322,True,government_official,0.9216497484749275,0.8139684263283562
scam_90,text,email,"Your bank account has been compromised. To secure your account, please share your OTP 789012 and verify your identity immediately.",noreply@gov-india-security.net,2025-09-12 19:08:20.460324,True,banking_fraud,0.8503656028449332,0.7975964685617057
scam_91,text,whatsapp,"Your bank account has been compromised. To secure your account, please share your OTP 789012 and verify your identity immediately.",+91-9876543210,2025-09-12 16:08:20.460328,True,banking_fraud,0.7891551491065961,0.8265799595515526
scam_92,text,sms,"This is Income Tax Department calling. We have received a complaint against you for identity theft. You need to pay ₹5,00,000 immediately to avoid digital arrest. Do not disconnect this call.",+91-9876543210,2025-09-13 07:08:20.460331,True,digital_arrest,0.8270598169095248,0.7252693437150965
scam_93,text,sms,"This is Amit Singh from Income Tax Department. Your PAN card has been suspended due to suspicious activities. Pay ₹50,000 to reactivate it within 24 hours.",noreply@gov-india-security.net,2025-09-13 06:08:20.460335,True,government_official,0.7160066896274692,0.8361309131681103
scam_94,text,whatsapp,"Your bank account has been compromised. To secure your account, please share your OTP 123456 and verify your identity immediately.",+91-4321098765,2025-09-12 21:08:20.460338,True,banking_fraud,0.9243093397637623,0.9735657881405555
scam_95,text,email,"Your bank account has been compromised. To secure your account, please share your OTP 789012 and verify your identity immediately.",+91-3210987654,2025-09-12 21:08:20.460341,True,banking_fraud,0.9768611176458195,0.9528374779313138
scam_96,text,sms,"Your bank account has been compromised. To secure your account, please share your OTP 123456 and verify your identity immediately.",+91-2109876543,2025-09-13 00:08:20.460351,True,banking_fraud,0.8539026407702859,0.9869021388718479
scam_97,text,email,"This is Rajesh Kumar from Income Tax Department. Your PAN card has been suspended due to suspicious activities. Pay ₹25,000 to reactivate it within 24 hours.",noreply@police-department-cyber.in,2025-09-12 09:08:20.460355,True,government_official,0.8535065334277375,0.7201512054175195
scam_98,text,whatsapp,"This is Banking Security calling. We have received a complaint against you for money laundering. You need to pay ₹5,00,000 immediately to avoid digital arrest. Do not disconnect this call.",noreply@gov-india-security.net,2025-09-13 06:08:20.460359,True,digital_arrest,0.8030850191954351,0.8210533949185997
scam_99,text,sms,"This is Sunita Patel from PAN Card Office. Your PAN card has been suspended due to suspicious activities. Pay ₹75,000 to reactivate it within 24 hours.",noreply@secure-bank-verification.com,2025-09-13 07:08:20.460363,True,government_official,0.8327108379886998,0.8618101988713558
scam_100,text,sms,"Your bank account has been compromised. To secure your account, please share your OTP 456789 and verify your identity immediately.",+91-5432109876,2025-09-12 16:08:20.460368,True,banking_fraud,0.9079676682444775,0.6869283988224985
legit_1,text,whatsapp,Your loan application has been approved. Please visit our branch to complete the formalities.,support@outlook.com,2025-09-12 09:08:20.460373,False,,0.11067409419972628,0.053269758664699074
legit_2,text,whatsapp,Your loan application has been approved. Please visit our branch to complete the formalities.,support@gmail.com,2025-09-13 07:08:20.460377,False,,0.06476609312622783,0.029450580786328208
legit_3,text,whatsapp,Your monthly bank statement is ready. Please check your registered email for details.,support@rediffmail.com,2025-09-12 10:08:20.460380,False,,0.006835028279282762,0.11624727010917627
legit_4,text,email,Your monthly bank statement is ready. Please check your registered email for details.,support@outlook.com,2025-09-13 06:08:20.460383,False,,0.24024613973717865,0.08986774323203456
legit_5,text,whatsapp,Your insurance policy renewal is due. Please contact us at +91-8000000000 for assistance.,support@rediffmail.com,2025-09-13 04:08:20.460387,False,,0.27079818868722083,0.11534574256838957
legit_6,text,whatsapp,Your monthly bank statement is ready. Please check your registered email for details.,+91-2109876543,2025-09-12 23:08:20.460389,False,,0.004297840441133893,0.022547973147334966
legit_7,text,email,Your credit card payment of ₹₹27250 is due on 2025-09-23. Please pay to avoid late fees.,+91-7654321098,2025-09-12 11:08:20.460409,False,,0.21714775883687853,0.0728769966317522
legit_8,text,sms,Your account balance is ₹₹47748. Thank you for banking with us.,+91-9876543210,2025-09-12 08:08:20.460414,False,,0.08871173132118754,0.16812821272851924
legit_9,text,sms,Your credit card payment of ₹₹7683 is due on 2025-10-04. Please pay to avoid late fees.,+91-4321098765,2025-09-12 20:08:20.460422,False,,0.11114647822268248,0.14623558342026616
legit_10,text,whatsapp,Your monthly bank statement is ready. Please check your registered email for details.,+91-9876543210,2025-09-12 18:08:20.460425,False,,0.0814415760777949,0.007068471070416727
legit_11,text,whatsapp,Your credit card payment of ₹₹40130 is due on 2025-09-18. Please pay to avoid late fees.,support@yahoo.com,2025-09-12 08:08:20.460433,False,,0.04966349104355659,0.06047665421160005
legit_12,text,email,Your monthly bank statement is ready. Please check your registered email for details.,support@gmail.com,2025-09-12 22:08:20.460437,False,,0.13271199156770752,0.11329975782510944
legit_13,text,email,Your monthly bank statement is ready. Please check your registered email for details.,+91-5432109876,2025-09-12 15:08:20.460441,False,,0.05746710046359645,0.03982963734813068
legit_14,text,sms,Your loan application has been approved. Please visit our branch to complete the formalities.,+91-9876543210,2025-09-13 07:08:20.460444,False,,0.23003787130318268,0.04138466609338325
legit_15,text,sms,Your insurance policy renewal is due. Please contact us at +91-8000000000 for assistance.,support@yahoo.com,2025-09-12 16:08:20.460447,False,,0.13762979200681072,0.10676055596809085
legit_16,text,sms,Your account balance is ₹₹18739. Thank you for banking with us.,+91-7654321098,2025-09-13 07:08:20.460452,False,,0.00197790472528232,0.049959162225455184
legit_17,text,email,Your credit card payment of ₹₹43618 is due on 2025-10-12. Please pay to avoid late fees.,support@outlook.com,2025-09-12 21:08:20.460458,False,,0.12736257601475726,0.11631328725400328
legit_18,text,whatsapp,Your insurance policy renewal is due. Please contact us at +91-8000000000 for assistance.,support@yahoo.com,2025-09-12 08:08:20.460461,False,,0.19421849332145535,0.03455907775847995
legit_19,text,whatsapp,Your account balance is ₹₹28289. Thank you for banking with us.,+91-7654321098,2025-09-12 23:08:20.460464,False,,0.023779561011908635,0.10446452624947228
legit_20,text,whatsapp,Your monthly bank statement is ready. Please check your registered email for details.,support@hotmail.com,2025-09-13 07:08:20.460468,False,,0.14550833155337656,0.0826219233169935
legit_21,text,email,Your monthly bank statement is ready. Please check your registered email for details.,+91-9876543210,2025-09-12 11:08:20.460470,False,,0.06759331399061907,0.16284161165938002
legit_22,text,sms,Your account balance is ₹₹11361. Thank you for banking with us.,+91-9876543210,2025-09-13 00:08:20.460474,False,,0.2162416467580979,0.15224719299432926
legit_23,text,sms,Your monthly bank statement is ready. Please check your registered email for details.,+91-6543210987,2025-09-12 08:08:20.460477,False,,0.15001652301392987,0.025272005443332635
legit_24,text,sms,Your insurance policy renewal is due. Please contact us at +91-8000000000 for assistance.,support@outlook.com,2025-09-12 21:08:20.460479,False,,0.28860283980182405,0.13076870677496286
legit_25,text,whatsapp,Your account balance is ₹₹49843. Thank you for banking with us.,+91-2109876543,2025-09-13 02:08:20.460484,False,,0.007319905655424674,0.04897649168855607
legit_26,text,whatsapp,Your loan application has been approved. Please visit our branch to complete the formalities.,+91-3210987654,2025-09-12 23:08:20.460486,False,,0.053248707306358764,0.0034062505756511374
legit_27,text,sms,Your insurance policy renewal is due. Please contact us at +91-8000000000 for assistance.,support@rediffmail.com,2025-09-13 05:08:20.460489,False,,0.10242372607485577,0.12650921012509073
legit_28,text,whatsapp,Your insurance policy renewal is due. Please contact us at +91-8000000000 for assistance.,+91-2109876543,2025-09-12 16:08:20.460492,False,,0.2133846339797498,0.11188451543403595
legit_29,text,email,Your credit card payment of ₹₹12961 is due on 2025-10-13. Please pay to avoid late fees.,+91-6543210987,2025-09-12 18:08:20.460498,False,,0.24150168492731372,0.14845321861394922
legit_30,text,whatsapp,Your loan application has been approved. Please visit our branch to complete the formalities.,+91-7654321098,2025-09-12 16:08:20.460501,False,,0.12851627302788513,0.13822788119494975
legit_31,text,whatsapp,Your monthly bank statement is ready. Please check your registered email for details.,support@yahoo.com,2025-09-12 16:08:20.460503,False,,0.22713538517005571,0.024194792729218408
legit_32,text,sms,Your credit card payment of ₹₹7330 is due on 2025-09-17. Please pay to avoid late fees.,support@outlook.com,2025-09-12 21:08:20.460509,False,,0.12968625784292348,0.09063063501576943
legit_33,text,sms,Your monthly bank statement is ready. Please check your registered email for details.,support@rediffmail.com,2025-09-13 01:08:20.460512,False,,0.2678077980807556,0.1807063690515955
legit_34,text,whatsapp,Your loan application has been approved. Please visit our branch to complete the formalities.,+91-4321098765,2025-09-12 17:08:20.460514,False,,0.2640822839978612,0.09614838729224154
legit_35,text,sms,Your loan application has been approved. Please visit our branch to complete the formalities.,support@yahoo.com,2025-09-13 01:08:20.460516,False,,0.11289056760066862,0.029262584676946757
legit_36,text,whatsapp,Your loan application has been approved. Please visit our branch to complete the formalities.,+91-9876543210,2025-09-12 19:08:20.460519,False,,0.2443766265230478,0.17813264272238152
legit_37,text,sms,Your monthly bank statement is ready. Please check your registered email for details.,support@rediffmail.com,2025-09-13 02:08:20.460521,False,,0.13097571016560142,0.01703612561069756
legit_38,text,sms,Your loan application has been approved. Please visit our branch to complete the formalities.,support@yahoo.com,2025-09-13 01:08:20.460523,False,,0.0512068313963025,0.03467649983009304
legit_39,text,email,Your insurance policy renewal is due. Please contact us at +91-8000000000 for assistance.,support@rediffmail.com,2025-09-12 18:08:20.460527,False,,0.16936949827938655,0.17295003017244615
legit_40,text,sms,Your monthly bank statement is ready. Please check your registered email for details.,support@rediffmail.com,2025-09-12 20:08:20.460531,False,,0.2288211533318885,0.08261412045357171
legit_41,text,whatsapp,Your monthly bank statement is ready. Please check your registered email for details.,+91-9876543210,2025-09-13 04:08:20.460533,False,,0.01615991185771688,0.14972799624332986
legit_42,text,email,Your account balance is ₹₹46480. Thank you for banking with us.,+91-8765432109,2025-09-12 22:08:20.460536,False,,0.0891006573347607,0.09314080516553212
legit_43,text,sms,Your monthly bank statement is ready. Please check your registered email for details.,support@outlook.com,2025-09-12 13:08:20.460538,False,,0.18315703518905738,0.10110362473271065
legit_44,text,whatsapp,Your loan application has been approved. Please visit our branch to complete the formalities.,support@hotmail.com,2025-09-12 15:08:20.460541,False,,0.1229038760748444,0.09170843092643817
legit_45,text,email,Your loan application has been approved. Please visit our branch to complete the formalities.,+91-8765432109,2025-09-12 11:08:20.460543,False,,0.14466117051266014,0.09100565111976422
legit_46,text,email,Your monthly bank statement is ready. Please check your registered email for details.,support@hotmail.com,2025-09-12 22:08:20.460545,False,,0.28227580694299714,0.11528340601367221
legit_47,text,whatsapp,Your account balance is ₹₹45752. Thank you for banking with us.,support@rediffmail.com,2025-09-13 04:08:20.460549,False,,0.18591663279252843,0.13943821694354672
legit_48,text,sms,Your credit card payment of ₹₹20585 is due on 2025-10-10. Please pay to avoid late fees.,+91-8765432109,2025-09-13 03:08:20.460554,False,,0.23425083795609647,0.18177981882887928
legit_49,text,whatsapp,Your credit card payment of ₹₹34674 is due on 2025-10-05. Please pay to avoid late fees.,+91-7654321098,2025-09-13 02:08:20.460559,False,,0.2122410086731243,0.18194501060199741
legit_50,text,whatsapp,Your account balance is ₹₹32630. Thank you for banking with us.,support@hotmail.com,2025-09-12 11:08:20.460562,False,,0.15999919140673982,0.13788042377438878
legit_51,text,email,Your insurance policy renewal is due. Please contact us at +91-8000000000 for assistance.,support@hotmail.com,2025-09-12 11:08:20.460565,False,,0.17339409979856876,0.13402750569212113
legit_52,text,email,Your account balance is ₹₹5970. Thank you for banking with us.,support@rediffmail.com,2025-09-12 08:08:20.460568,False,,0.28296262972149727,0.15747213491426873
legit_53,text,email,Your insurance policy renewal is due. Please contact us at +91-8000000000 for assistance.,+91-2109876543,2025-09-12 20:08:20.460571,False,,0.09998481040891512,0.09308260757740705
legit_54,text,sms,Your monthly bank statement is ready. Please check your registered email for details.,support@gmail.com,2025-09-13 02:08:20.460573,False,,0.04479942771828461,0.16560231153065816
legit_55,text,sms,Your account balance is ₹₹35314. Thank you for banking with us.,support@yahoo.com,2025-09-12 20:08:20.460576,False,,0.15836759354699195,0.03421601341580738
legit_56,text,email,Your credit card payment of ₹₹36028 is due on 2025-09-21. Please pay to avoid late fees.,support@rediffmail.com,2025-09-13 04:08:20.460590,False,,0.187472167679173,0.003931315350639841
legit_57,text,sms,Your account balance is ₹₹28460. Thank you for banking with us.,support@hotmail.com,2025-09-13 02:08:20.460594,False,,0.040498214897674245,0.18521353723286788
legit_58,text,whatsapp,Your account balance is ₹₹20973. Thank you for banking with us.,support@rediffmail.com,2025-09-12 17:08:20.460597,False,,0.18776849722920688,0.08283472163494027
legit_59,text,sms,Your account balance is ₹₹27077. Thank you for banking with us.,+91-3210987654,2025-09-12 20:08:20.460602,False,,0.026052788933249804,0.09713329846871539
legit_60,text,email,Your monthly bank statement is ready. Please check your registered email for details.,support@yahoo.com,2025-09-12 12:08:20.460605,False,,0.0852174076038774,0.07118042920258452
legit_61,text,sms,Your account balance is ₹₹28011. Thank you for banking with us.,+91-6543210987,2025-09-12 12:08:20.460607,False,,0.18831387882891903,0.09019861625988695
legit_62,text,sms,Your monthly bank statement is ready. Please check your registered email for details.,support@outlook.com,2025-09-12 22:08:20.460611,False,,0.048923822878217595,0.06187175623165449
legit_63,text,email,Your insurance policy renewal is due. Please contact us at +91-8000000000 for assistance.,support@hotmail.com,2025-09-12 22:08:20.460614,False,,0.10804919298661993,0.06282200261942701
legit_64,text,sms,Your loan application has been approved. Please visit our branch to complete the formalities.,+91-2109876543,2025-09-12 14:08:20.460616,False,,0.06389881071225836,0.028699031869759972
legit_65,text,email,Your credit card payment of ₹₹48241 is due on 2025-10-12. Please pay to avoid late fees.,support@outlook.com,2025-09-12 18:08:20.460623,False,,0.26510228157038385,0.13542661747045825
legit_66,text,email,Your insurance policy renewal is due. Please contact us at +91-8000000000 for assistance.,support@hotmail.com,2025-09-12 09:08:20.460625,False,,0.09562596800128245,0.13252879868790393
legit_67,text,whatsapp,Your monthly bank statement is ready. Please check your registered email for details.,support@rediffmail.com,2025-09-12 18:08:20.460628,False,,0.290477525441928,0.05468234209478234
legit_68,text,whatsapp,Your account balance is ₹₹20150. Thank you for banking with us.,support@hotmail.com,2025-09-12 13:08:20.460631,False,,0.007435869235790793,0.1758632459759304
legit_69,text,whatsapp,Your insurance policy renewal is due. Please contact us at +91-8000000000 for assistance.,support@yahoo.com,2025-09-12 20:08:20.460633,False,,0.059077348016806835,0.1966724026537845
legit_70,text,whatsapp,Your monthly bank statement is ready. Please check your registered email for details.,+91-2109876543,2025-09-12 19:08:20.460635,False,,0.2683772245639596,0.021793369302197576
legit_71,text,email,Your account balance is ₹₹43779. Thank you for banking with us.,+91-8765432109,2025-09-12 19:08:20.460638,False,,0.023171180426649507,0.12480476474627214
legit_72,text,sms,Your insurance policy renewal is due. Please contact us at +91-8000000000 for assistance.,+91-8765432109,2025-09-13 02:08:20.460641,False,,0.09109869939999622,0.14705009621119133
legit_73,text,whatsapp,Your loan application has been approved. Please visit our branch to complete the formalities.,support@hotmail.com,2025-09-12 11:08:20.460643,False,,0.1742074671477873,0.0859028517781561
legit_74,text,sms,Your account balance is ₹₹11775. Thank you for banking with us.,support@yahoo.com,2025-09-13 03:08:20.460647,False,,0.060350369710256556,0.04459008580643906
legit_75,text,sms,Your account balance is ₹₹35529. Thank you for banking with us.,support@gmail.com,2025-09-12 15:08:20.460650,False,,0.21975554393761434,0.11347452884051655
legit_76,text,whatsapp,Your monthly bank statement is ready. Please check your registered email for details.,+91-3210987654,2025-09-13 05:08:20.460653,False,,0.15862865595902945,0.1388945489415728
legit_77,text,whatsapp,Your credit card payment of ₹₹38380 is due on 2025-09-18. Please pay to avoid late fees.,+91-2109876543,2025-09-12 13:08:20.460659,False,,0.0417092966834085,0.15080648895324503
legit_78,text,email,Your monthly bank statement is ready. Please check your registered email for details.,support@yahoo.com,2025-09-13 04:08:20.460663,False,,0.13609319101677841,0.16917444526421227
legit_79,text,email,Your insurance policy renewal is due. Please contact us at +91-8000000000 for assistance.,+91-3210987654,2025-09-13 07:08:20.460665,False,,0.20740722460658817,0.14161530247915943
legit_80,text,email,Your insurance policy renewal is due. Please contact us at +91-8000000000 for assistance.,support@outlook.com,2025-09-13 04:08:20.460668,False,,0.1585471873167757,0.029137156453293046
legit_81,text,sms,Your insurance policy renewal is due. Please contact us at +91-8000000000 for assistance.,+91-9876543210,2025-09-13 06:08:20.460670,False,,0.23097771007762186,0.1314827380565394
legit_82,text,sms,Your insurance policy renewal is due. Please contact us at +91-8000000000 for assistance.,support@gmail.com,2025-09-12 20:08:20.460673,False,,0.05349043362729994,0.09416248277520196
legit_83,text,email,Your monthly bank statement is ready. Please check your registered email for details.,support@gmail.com,2025-09-12 12:08:20.460675,False,,0.26026750639016094,0.18841570821018813
legit_84,text,whatsapp,Your credit card payment of ₹₹18066 is due on 2025-09-28. Please pay to avoid late fees.,support@hotmail.com,2025-09-13 06:08:20.460681,False,,0.03170014678745107,0.026184924560793823
legit_85,text,whatsapp,Your loan application has been approved. Please visit our branch to complete the formalities.,+91-7654321098,2025-09-13 06:08:20.460684,False,,0.15924683919406343,0.018453815700840436
legit_86,text,sms,Your loan application has been approved. Please visit our branch to complete the formalities.,support@rediffmail.com,2025-09-13 03:08:20.460687,False,,0.147310559132514,0.07233464649572156
legit_87,text,sms,Your account balance is ₹₹15354. Thank you for banking with us.,+91-6543210987,2025-09-12 08:08:20.460692,False,,0.22318028188795444,0.14449394700730442
legit_88,text,sms,Your account balance is ₹₹13582. Thank you for banking with us.,support@rediffmail.com,2025-09-13 01:08:20.460695,False,,0.23072910348481138,0.19437854220771422
legit_89,text,whatsapp,Your insurance policy renewal is due. Please contact us at +91-8000000000 for assistance.,support@hotmail.com,2025-09-12 13:08:20.460697,False,,0.1489597187252721,0.1918297274941052
legit_90,text,whatsapp,Your loan application has been approved. Please visit our branch to complete the formalities.,support@outlook.com,2025-09-12 20:08:20.460700,False,,0.2904743941952987,0.12364932538861928
legit_91,text,whatsapp,Your insurance policy renewal is due. Please contact us at +91-8000000000 for assistance.,+91-3210987654,2025-09-12 15:08:20.460702,False,,0.06542210908048925,0.0747493799546414
legit_92,text,whatsapp,Your insurance policy renewal is due. Please contact us at +91-8000000000 for assistance.,+91-3210987654,2025-09-12 21:08:20.460705,False,,0.0738581089705416,0.0686042702534935
legit_93,text,sms,Your credit card payment of ₹₹6195 is due on 2025-09-24. Please pay to avoid late fees.,support@rediffmail.com,2025-09-13 03:08:20.460710,False,,0.0875221602462895,0.12972357111287858
legit_94,text,sms,Your account balance is ₹₹49553. Thank you for banking with us.,support@hotmail.com,2025-09-13 00:08:20.460713,False,,0.20462881630127916,0.042639088172458366
legit_95,text,whatsapp,Your credit card payment of ₹₹34896 is due on 2025-09-16. Please pay to avoid late fees.,+91-7654321098,2025-09-12 17:08:20.460719,False,,0.021144612575544786,0.00792192557410254
legit_96,text,whatsapp,Your credit card payment of ₹₹20811 is due on 2025-09-29. Please pay to avoid late fees.,+91-5432109876,2025-09-13 05:08:20.460724,False,,0.19466776336547484,0.017576122123821824
legit_97,text,whatsapp,Your account balance is ₹₹25766. Thank you for banking with us.,support@yahoo.com,2025-09-12 11:08:20.460728,False,,0.0842610594446285,0.06236369853250519
legit_98,text,whatsapp,Your loan application has been approved. Please visit our branch to complete the formalities.,+91-6543210987,2025-09-12 08:08:20.460732,False,,0.15372710957660732,0.18283653426387833
legit_99,text,email,Your loan application has been approved. Please visit our branch to complete the formalities.,+91-4321098765,2025-09-13 01:08:20.460735,False,,0.1017709512848466,0.017134098377925743
legit_100,text,email,Your credit card payment of ₹₹35938 is due on 2025-09-23. Please pay to avoid late fees.,+91-8765432109,2025-09-12 13:08:20.460740,False,,0.10128970214629514,0.026535918079959767
